-- phpMyAdmin SQL Dump
-- version 4.8.4
-- https://www.phpmyadmin.net/
--
-- 主机： 127.0.0.1:3306
-- 生成日期： 2020-05-27 01:37:41
-- 服务器版本： 5.7.24
-- PHP 版本： 7.0.33

SET SQL_MODE = "NO_AUTO_VALUE_ON_ZERO";
SET AUTOCOMMIT = 0;
START TRANSACTION;
SET time_zone = "+00:00";


/*!40101 SET @OLD_CHARACTER_SET_CLIENT=@@CHARACTER_SET_CLIENT */;
/*!40101 SET @OLD_CHARACTER_SET_RESULTS=@@CHARACTER_SET_RESULTS */;
/*!40101 SET @OLD_COLLATION_CONNECTION=@@COLLATION_CONNECTION */;
/*!40101 SET NAMES utf8mb4 */;

--
-- 数据库： `sikuexam`
--

-- --------------------------------------------------------

--
-- 表的结构 `siku_answers`
--

DROP TABLE IF EXISTS `siku_answers`;
CREATE TABLE IF NOT EXISTS `siku_answers` (
  `aid` int(11) NOT NULL AUTO_INCREMENT,
  `qid` int(11) NOT NULL COMMENT '关联题目id',
  `answercontent` varchar(500) NOT NULL,
  `isright` tinyint(5) NOT NULL DEFAULT '0',
  `create_time` int(11) NOT NULL,
  `update_time` int(11) DEFAULT NULL,
  PRIMARY KEY (`aid`),
  KEY `tid` (`qid`)
) ENGINE=MyISAM AUTO_INCREMENT=65 DEFAULT CHARSET=utf8 COMMENT='题目答案表';

--
-- 转存表中的数据 `siku_answers`
--

INSERT INTO `siku_answers` (`aid`, `qid`, `answercontent`, `isright`, `create_time`, `update_time`) VALUES
(1, 1, 'A.刘德华1', 0, 1555570180, 1587456549),
(2, 1, 'B.张惠妹2', 1, 1555570180, 1587456549),
(3, 1, 'C.张学友3', 1, 1555570180, 1587456549),
(4, 1, 'D.黎明4', 0, 1555570180, 1587456549),
(5, 5, 'A.我11也这么觉得&lt;img src=&quot;../../../public/uploads/examimg/20200305/0ad1af0014e94c39095adfdc77783b32.JPG&quot; alt=&quot;&quot;&gt;', 0, 1583404378, 1585564662),
(6, 5, 'B.真11的太帅了，宇宙第一帅&lt;img src=&quot;../../../public/uploads/examimg/20200305\\e6c2da8f3e78986062f04c0d55c4f78e.JPG&quot; alt=&quot;&quot;&gt;', 1, 1583404378, 1585564662),
(7, 5, 'C.比11狗狗帅&lt;img src=&quot;../../../public/uploads/examimg/20200305\\f7d751ee07dc674885b17a616ccf4d68.JPG&quot; alt=&quot;&quot;&gt;', 0, 1583404378, 1585564662),
(8, 5, 'D.切11Q&lt;img src=&quot;../../../public/uploads/examimg/20200305\\3eca075fc5cc7fdd01b60175e1a47284.JPG&quot; alt=&quot;&quot;&gt;', 0, 1583404378, 1585564662),
(9, 7, '选项1', 0, 1584702740, 1584702740),
(10, 7, '选项2', 0, 1584702740, 1584702740),
(11, 7, '选项3', 0, 1584702740, 1584702740),
(12, 7, '选项4', 1, 1584702740, 1584702740),
(13, 8, '选项1', 0, 1584706287, 1585572651),
(14, 8, '选项2', 0, 1584706287, 1585572651),
(15, 8, '选项3', 0, 1584706287, 1585572651),
(16, 8, '选项4', 1, 1584706287, 1585572651),
(17, 9, '选项1', 0, 1584708944, 1588577992),
(18, 9, '选项2', 0, 1584708944, 1588577992),
(19, 9, '选项3', 0, 1584708944, 1588577992),
(20, 9, '选项4', 1, 1584708944, 1588577992),
(21, 10, 'A.第一个选项&lt;img src=&quot;http://127.0.0.1/sikuexam/public/uploads/examimg/20200323\\2011fb726021bfe085786bbdd3396053.JPG&quot; alt=&quot;&quot;&gt;', 0, 1584964644, 1585568312),
(22, 10, 'B.这是第二个&lt;img src=&quot;http://127.0.0.1/sikuexam/public/uploads/examimg/20200323\\2425e7a0f7463cb0c08f48255463a5db.JPG&quot; alt=&quot;&quot;&gt;', 0, 1584964644, 1585568312),
(23, 10, 'C.这是第三个', 1, 1584964644, 1585568312),
(62, 22, 'B． 1.2  m/s', 1, 1587100083, 1587100083),
(63, 22, 'C． 1.8  m/s', 1, 1587100083, 1587100083),
(26, 11, 'A． 太阳位于木星运行轨道的中心', 0, 1585532391, 1585573616),
(24, 10, 'D.这是第四个', 0, 1584964644, 1585568312),
(25, 11, 'B． 太阳位于木星运行轨道的中心', 0, 1585532391, 1585573616),
(64, 22, 'D． 3.0  m/s', 0, 1587100083, 1587100083),
(41, 1, '', 0, 1586509034, 1587456549),
(27, 11, 'C． 火星和木星公转周期之比的二次方等于它们轨道半长轴之比的三次方', 1, 1585532391, 1585573616),
(59, 21, 'C． 1.8  m/s', 1, 1587090591, 1587090591),
(60, 21, 'D． 3.0  m/s', 0, 1587090591, 1587090591),
(61, 22, 'A． 0.8  m/s', 0, 1587100083, 1587100083),
(28, 11, 'D． 相同时间内，火星与太阳连线扫过的面积等于木星与太阳连线扫过的面积', 0, 1585532391, 1585573616),
(56, 20, 'D． 3.0  m/s', 0, 1587090314, 1587090314),
(57, 21, 'A． 0.8  m/s', 0, 1587090591, 1587090591),
(58, 21, 'B． 1.2  m/s', 1, 1587090591, 1587090591),
(29, 12, 'A． 80年', 0, 1585532497, 1588578023),
(52, 19, 'D． 当v由值逐渐减小时，轨道对小球的弹力逐渐增大', 1, 1586514485, 1586514485),
(53, 20, 'A． 0.8  m/s', 0, 1587090314, 1587090314),
(54, 20, 'B． 1.2  m/s', 1, 1587090314, 1587090314),
(55, 20, 'C． 1.8  m/s', 1, 1587090314, 1587090314),
(30, 12, 'B． 120年', 0, 1585532497, 1588578023),
(51, 19, 'C． 当v由值逐渐增大时，轨道对小球的弹力也逐渐增大', 1, 1586514485, 1586514485),
(31, 12, 'C． 165年', 1, 1585532497, 1588578023),
(47, 18, 'C．v1∶v2＝3∶1', 1, 1586509513, 1586509513),
(48, 18, 'D．v1∶v2＝2∶1', 0, 1586509513, 1586509513),
(49, 19, 'A．v的极小值为', 0, 1586514485, 1586514485),
(50, 19, 'B．v由零逐渐增大，轨道对球的弹力逐渐增大', 0, 1586514485, 1586514485),
(32, 12, 'D． 200年', 0, 1585532497, 1588578023),
(42, 1, '', 0, 1586509034, 1587456549),
(43, 1, '', 0, 1586509034, 1587456549),
(44, 1, '', 0, 1586509034, 1587456549),
(45, 18, 'A． 由O点到A点，甲球运动时间与乙球运动时间相等', 0, 1586509513, 1586509513),
(46, 18, 'B． 甲球由O点到A点的水平位移是乙球由O点到B点水平位移的3倍', 1, 1586509513, 1586509513),
(33, 14, 'A.选项1<img src=\"http://127.0.0.1/sikuexam/public/uploads/examimg/20200330\\70cde8205f110043c00b5f57e73bb355.png\" alt=\"\">', 0, 1585572884, 1587455885),
(34, 14, 'B.选项2<img src=\"http://127.0.0.1/sikuexam/public/uploads/examimg/20200330\\20cc957e52903a586ade38c00700c227.png\" alt=\"\"><img src=\"http://127.0.0.1/sikuexam/public/uploads/examimg/20200421\\9eee9b1ad802ca96d50b28d003d45e45.JPG\" alt=\"\">', 0, 1585572884, 1587455885),
(35, 14, 'C.选项3<img src=\"http://127.0.0.1/sikuexam/public/uploads/examimg/20200330\\87a6275f244e59876bd24e3c82f6b625.png\" alt=\"\"><img src=\"http://127.0.0.1/sikuexam/public/uploads/examimg/20200421\\38566a243abb09af6f3901cbc8cff589.JPG\" alt=\"\">', 0, 1585572884, 1587455885),
(36, 14, 'D.选项4<img src=\"http://127.0.0.1/sikuexam/public/uploads/examimg/20200421\\a99d5ad28e7b9dfddc8fec5b9adc9d4f.JPG\" alt=\"\">', 1, 1585572884, 1587455885),
(37, 15, 'A选项1<img src=\"http://127.0.0.1/sikuexam/public/uploads/examimg/20200330\\281d17d2b293e3bea1c974523ebfb2a4.png\" alt=\"\">', 0, 1585573303, 1590372954),
(38, 15, 'B选项2<br>', 0, 1585573303, 1590372954),
(39, 15, 'C选项3<img src=\"http://127.0.0.1/sikuexam/public/uploads/examimg/20200330\\d8871741199ef482957ccaa3f4a6de20.png\" alt=\"\">', 0, 1585573303, 1590372954),
(40, 15, 'D选项4<img src=\"http://127.0.0.1/sikuexam/public/uploads/examimg/20200330\\dcb5905e04085956a68afd197c54fbd1.png\" alt=\"\">', 1, 1585573303, 1590372954);

-- --------------------------------------------------------

--
-- 表的结构 `siku_classes`
--

DROP TABLE IF EXISTS `siku_classes`;
CREATE TABLE IF NOT EXISTS `siku_classes` (
  `cid` int(11) NOT NULL AUTO_INCREMENT,
  `tid` int(11) NOT NULL,
  `title` varchar(200) NOT NULL COMMENT '班级名称',
  `description` varchar(500) DEFAULT NULL,
  `classnumber` smallint(10) NOT NULL,
  `grade` tinyint(5) NOT NULL,
  `create_time` int(11) NOT NULL,
  `update_time` int(11) NOT NULL,
  PRIMARY KEY (`cid`)
) ENGINE=MyISAM AUTO_INCREMENT=5 DEFAULT CHARSET=utf32 COMMENT='班级表';

--
-- 转存表中的数据 `siku_classes`
--

INSERT INTO `siku_classes` (`cid`, `tid`, `title`, `description`, `classnumber`, `grade`, `create_time`, `update_time`) VALUES
(2, 1, '高一168班', '测试班级', 168, 1, 1583917477, 1583917477),
(4, 1, '高一169班', '有事一个测试班级', 169, 1, 1583978975, 1583978975);

-- --------------------------------------------------------

--
-- 表的结构 `siku_exams`
--

DROP TABLE IF EXISTS `siku_exams`;
CREATE TABLE IF NOT EXISTS `siku_exams` (
  `eid` int(11) NOT NULL AUTO_INCREMENT,
  `title` varchar(200) NOT NULL,
  `description` varchar(500) DEFAULT NULL,
  `subject` tinyint(5) NOT NULL,
  `totalscore` smallint(10) NOT NULL,
  `tid` int(11) NOT NULL COMMENT '创建者ID',
  `cids` varchar(500) DEFAULT NULL COMMENT '允许班级们',
  `qids` varchar(500) DEFAULT NULL COMMENT '试题ID们',
  `scorevery` varchar(500) DEFAULT NULL COMMENT '每题分数',
  `tids` varchar(500) DEFAULT NULL COMMENT '阅卷id',
  `allocate` varchar(500) DEFAULT NULL COMMENT '阅卷分配',
  `examstatus` tinyint(5) NOT NULL DEFAULT '1' COMMENT '状态1关2开',
  `begintime` int(11) DEFAULT NULL COMMENT '开始时间',
  `timelong` int(11) DEFAULT NULL COMMENT '持续时长',
  `subnum` smallint(10) NOT NULL DEFAULT '1',
  `create_time` int(11) NOT NULL,
  `update_time` int(11) NOT NULL,
  PRIMARY KEY (`eid`)
) ENGINE=MyISAM AUTO_INCREMENT=10 DEFAULT CHARSET=utf8 COMMENT='考试试卷表';

--
-- 转存表中的数据 `siku_exams`
--

INSERT INTO `siku_exams` (`eid`, `title`, `description`, `subject`, `totalscore`, `tid`, `cids`, `qids`, `scorevery`, `tids`, `allocate`, `examstatus`, `begintime`, `timelong`, `subnum`, `create_time`, `update_time`) VALUES
(2, '家里蹲大学第一次月考', '想考不考，补考都挂', 3, 100, 1, NULL, '1,2,5', NULL, '', '', 1, 1583769600, 60, 1, 1583739760, 1588578419),
(3, '孝义三中高一年级19-20学年第一次月考', '这是考试说明这是考试说明', 4, 100, 1, '2,4', '1,2,5,18,23,24', NULL, '1,2', '{\"1\":[\"2\",20],\"2\":[\"2\",22]}', 2, 1590391404, 1, 300, 1583833085, 1590462856),
(7, '2020年疫情期间第一次大考', '这里是考试说明', 3, 100, 1, '2,4', NULL, NULL, '1', '{\"1\":[\"0\",null]}', 1, 1583942400, 6000, 10, 1584014241, 1584523243),
(8, '周练六', '周练六', 4, 100, 1, '2,4', '11,12,1,2,5,7,6,8,9,10', NULL, '1,2', '{\"1\":[\"7\",1],\"2\":[\"5\",7]}', 1, 1585497600, 6000, 10, 1585532142, 1589772115);

-- --------------------------------------------------------

--
-- 表的结构 `siku_questions`
--

DROP TABLE IF EXISTS `siku_questions`;
CREATE TABLE IF NOT EXISTS `siku_questions` (
  `qid` int(11) NOT NULL AUTO_INCREMENT,
  `tid` int(11) NOT NULL COMMENT '创建者id',
  `qtitle` text NOT NULL,
  `qsubject` tinyint(5) NOT NULL,
  `qtype` tinyint(5) NOT NULL,
  `sort` float NOT NULL DEFAULT '0',
  `score` tinyint(5) DEFAULT NULL,
  `rightselect` varchar(10) NOT NULL,
  `rightanswer` varchar(500) DEFAULT NULL,
  `qstatus` tinyint(2) NOT NULL DEFAULT '0',
  `create_time` int(11) NOT NULL,
  `update_time` int(11) NOT NULL,
  PRIMARY KEY (`qid`)
) ENGINE=MyISAM AUTO_INCREMENT=25 DEFAULT CHARSET=utf8 COMMENT='题目表';

--
-- 转存表中的数据 `siku_questions`
--

INSERT INTO `siku_questions` (`qid`, `tid`, `qtitle`, `qsubject`, `qtype`, `sort`, `score`, `rightselect`, `rightanswer`, `qstatus`, `create_time`, `update_time`) VALUES
(1, 1, '你觉得谁最帅33344556677啊？<br>wo ye shi 0000?', 4, 2, 5, 2, 'BC', '2,3', 1, 1555570180, 1587456549),
(2, 1, '二、开心00股吧经济纠纷京津冀安监分局案件巨大的经济带两个拉架飞', 4, 5, 0.5, NULL, '', '2', 1, 1555570180, 0),
(5, 1, '我1122觉得我是最帅的？你觉得呢？<img src=\"http://127.0.0.1/sikuexam/public/uploads/examimg/20200305/8f8704d6d7ef76dbdbb74fe7d21523c3.JPG\" alt=\"\">hhkhk1', 4, 1, 1, 5, '', '6', 1, 1583404378, 1585564662),
(7, 1, '&lt;img src=&quot;../../../public/uploads/examimg/20200320\\1e8f8f198e37eff06005ba16f76d5fa4.JPG&quot; alt=&quot;&quot;&gt;', 4, 1, 0, NULL, '', '12', 1, 1584702740, 1584702740),
(6, 1, '一、选择题，我们来选选0', 4, 5, 0, NULL, '', NULL, 1, 1584520280, 1584520280),
(8, 1, '<img src=\"http://127.0.0.1/sikuexam/public/uploads/examimg/20200330\\12321627f1e085cae0fc7a6fd1fe0205.JPG\" alt=\"\"><br>画虎刻鹄', 4, 1, 0, NULL, '', '16', 1, 1584706287, 1585572651),
(9, 1, '问题题干<img src=\"http://127.0.0.1/sikuexam/public/uploads/examimg/20200320/a984fb00819c9665d8ed887bedba70f2.png\" alt=\"\">', 4, 1, 0, NULL, '选', '20', 1, 1584708944, 1588577992),
(10, 1, '测试图片一下&lt;img src=&quot;http://127.0.0.1/sikuexam/public/uploads/examimg/20200330\\1e46cd2f34fff86002459cc18deb2a86.png&quot; alt=&quot;&quot;&gt;', 4, 1, 0, NULL, '', '23', 1, 1584964644, 1585568312),
(11, 1, '火星和木星沿各自的椭圆轨道绕太阳运行，根据开普勒行星运动定律可知(　C　)', 4, 1, 0, NULL, '', '27', 1, 1585532391, 1585573540),
(12, 1, '太阳系八大行星绕太阳运行的轨道可粗略地视为圆，下表是各星球的半径和轨道半径.<br><img src=\"http://127.0.0.1/sikuexam/public/uploads/examimg/20200330\\62556dd481034f66e79bcf1818547b63.png\" alt=\"\"><br>从表中所列数据可以估算出海王星的公转周期最接近(　C　)', 4, 1, 0, NULL, 'C', '31', 1, 1585532497, 1588578023),
(14, 1, '开行了第一行图片<img src=\"http://127.0.0.1/sikuexam/public/uploads/examimg/20200330\\f949cff48bc86d72b64ed05deebc6bab.png\" alt=\"\"><img src=\"http://127.0.0.1/sikuexam/public/uploads/examimg/20200421\\01e3bba24ef9f8c412d11f35fe806a5d.JPG\" alt=\"\">', 4, 1, 0, NULL, 'D', '36', 0, 1585572884, 1587455885),
(15, 1, '问题题干<br><img src=\"http://127.0.0.1/sikuexam/public/uploads/examimg/20200330\\81f19b87e5884ef481139dfd6abc45b3.png\" alt=\"\">', 4, 1, 0, NULL, 'D', '40', 0, 1585573303, 1590372909),
(13, 1, '急急急积极军绿军绿', 4, 5, 0, NULL, '', NULL, 0, 1585534879, 1585534879),
(23, 1, '1.填空<u>&nbsp;&nbsp;&nbsp;&nbsp;&nbsp;&nbsp;&nbsp;&nbsp;</u>题干', 4, 3, 6, 5, '略', NULL, 1, 1587521300, 1587616970),
(18, 1, '2.（多选）如图所示，甲球从O点以水平速度v1飞出，落在水平地面上的A点。乙球从O点以水平速度v2飞出，落在水平地面上的B点反弹后恰好也落在A点。已知乙球在B点与地面碰撞反弹后瞬间水平方向的分速度不变，竖直方向的分速度方向相反、大小不变，不计空气阻力。下列说法正确的是(　　)<br><img src=\"http://127.0.0.1/sikuexam/public/uploads/examimg/20200410\\8396937ed0e640ffded661d401e7f000.png\" alt=\"\"><br>', 4, 2, 2, 5, 'BC', '46,47', 1, 1586509513, 1586509513),
(19, 1, '3.(多选)如图所示，有一个半径为R的光滑圆轨道，现给小球一个初速度，使小球在竖直面内做圆周运动，重力加速度为g，则关于小球在过最高点的速度v，下列叙述中正确的是(　　)', 4, 2, 0, NULL, 'CD', '51,52', 0, 1586514485, 1586514485),
(20, 1, '1.（多选）削面是西北人喜欢的面食之一，全凭刀削得名。如图所示，将一锅水烧开，拿一块面团放在锅旁边较高处，用一刀片飞快地削下一片片很薄的面片儿，面片便水平飞向锅里，若面团到锅的上沿的竖直距离为0.8 &nbsp;m，面团离锅上沿最近的水平距离为0.4 &nbsp;m，锅的直径为0.4 &nbsp;m。若削出的面片落入锅中，则面片的水平初速度可能是(g取10 &nbsp;m/s2)(　　)<br><img src=\"http://127.0.0.1/sikuexam/public/uploads/examimg/20200417\\c6f41eb90744cb07064672a8e926ed73.png\" alt=\"\">', 4, 2, 0, NULL, 'BC', '54,55', 0, 1587090314, 1587090314),
(21, 1, '1.（多选）削面是西北人喜欢的面食之一，全凭刀削得名。如图所示，将一锅水烧开，拿一块面团放在锅旁边较高处，用一刀片飞快地削下一片片很薄的面片儿，面片便水平飞向锅里，若面团到锅的上沿的竖直距离为0.8 &nbsp;m，面团离锅上沿最近的水平距离为0.4 &nbsp;m，锅的直径为0.4 &nbsp;m。若削出的面片落入锅中，则面片的水平初速度可能是(g取10 &nbsp;m/s2)(　　)<br><img src=\"http://127.0.0.1/sikuexam/public/uploads/examimg/20200417\\6afc7be6d1075ed0f25731f0a086d760.png\" alt=\"\"><br>', 4, 2, 0, NULL, 'BC', '58,59', 0, 1587090590, 1587090590),
(22, 1, '1.（多选）削面是西北人喜欢的面食之一，全凭刀削得名。如图所示，将一锅水烧开，拿一块面团放在锅旁边较高处，用一刀片飞快地削下一片片很薄的面片儿，面片便水平飞向锅里，若面团到锅的上沿的竖直距离为0.8 &nbsp;m，面团离锅上沿最近的水平距离为0.4 &nbsp;m，锅的直径为0.4 &nbsp;m。若削出的面片落入锅中，则面片的水平初速度可能是(g取10 &nbsp;m/s2)(　　)<br><img src=\"http://127.0.0.1/sikuexam/public/uploads/examimg/20200417\\e75258ba05d2c25f061d8bc9ebcbda89.png\" alt=\"\">', 4, 2, 0, NULL, 'BC', '62,63', 0, 1587100083, 1587100083),
(24, 1, '3：填空<u>&nbsp;&nbsp;&nbsp;&nbsp;&nbsp;&nbsp;&nbsp;&nbsp;</u>题干<u>&nbsp; &nbsp; &nbsp; &nbsp; &nbsp; &nbsp; </u>发发发', 4, 3, 7, 6, '略', NULL, 1, 1587691543, 1587691543);

-- --------------------------------------------------------

--
-- 表的结构 `siku_students`
--

DROP TABLE IF EXISTS `siku_students`;
CREATE TABLE IF NOT EXISTS `siku_students` (
  `sid` int(11) NOT NULL AUTO_INCREMENT,
  `cid` int(11) NOT NULL,
  `sname` varchar(50) DEFAULT NULL,
  `snumber` varchar(50) NOT NULL,
  `truename` varchar(20) NOT NULL,
  `pass` char(32) NOT NULL,
  `grade` tinyint(5) NOT NULL,
  `class` smallint(10) NOT NULL,
  `stustatus` tinyint(5) NOT NULL DEFAULT '2' COMMENT '状态1关2开',
  `create_time` int(11) NOT NULL,
  `update_time` int(11) NOT NULL,
  PRIMARY KEY (`sid`,`cid`)
) ENGINE=MyISAM AUTO_INCREMENT=20 DEFAULT CHARSET=utf8 COMMENT='学生表';

--
-- 转存表中的数据 `siku_students`
--

INSERT INTO `siku_students` (`sid`, `cid`, `sname`, `snumber`, `truename`, `pass`, `grade`, `class`, `stustatus`, `create_time`, `update_time`) VALUES
(15, 4, NULL, '201616801', '张三', '25d55ad283aa400af464c76d713c07ad', 1, 169, 2, 1584000519, 1584000519),
(16, 4, NULL, '201616802', '李四', 'e10adc3949ba59abbe56e057f20f883e', 1, 169, 2, 1584000519, 1584000519),
(17, 2, NULL, '201616803', '王五', 'e10adc3949ba59abbe56e057f20f883e', 1, 168, 2, 1584000719, 1584000719);

-- --------------------------------------------------------

--
-- 表的结构 `siku_stu_answers`
--

DROP TABLE IF EXISTS `siku_stu_answers`;
CREATE TABLE IF NOT EXISTS `siku_stu_answers` (
  `id` int(11) NOT NULL AUTO_INCREMENT,
  `sid` int(11) NOT NULL,
  `eid` int(11) NOT NULL,
  `answers` text,
  `score` varchar(500) DEFAULT NULL,
  `total` smallint(10) DEFAULT NULL,
  `mark_tid` int(11) DEFAULT NULL,
  `c_time` int(11) NOT NULL,
  `update_time` int(11) NOT NULL,
  PRIMARY KEY (`id`)
) ENGINE=MyISAM AUTO_INCREMENT=24 DEFAULT CHARSET=utf8 COMMENT='学生答卷表';

--
-- 转存表中的数据 `siku_stu_answers`
--

INSERT INTO `siku_stu_answers` (`id`, `sid`, `eid`, `answers`, `score`, `total`, `mark_tid`, `c_time`, `update_time`) VALUES
(20, 15, 3, '{\"5\":\"6\",\"18\":[\"45\",\"46\"],\"1\":[\"1\",\"2\"],\"23\":\"\\u5feb\\u5feb\\u5feb&lt;img src=&quot;http:\\/\\/127.0.0.1\\/sikuexam\\/public\\/uploads\\/examimg\\/20200424\\\\42b1a25739aff3db25de66af068b816f.jpg&quot; alt=&quot;&quot;&gt;\",\"24\":\"\\u5feb\\u5feb\\u5feb&lt;img src=&quot;http:\\/\\/127.0.0.1\\/sikuexam\\/public\\/uploads\\/examimg\\/20200424\\\\89ffcf790f65621f37249ed36e300e74.jpeg&quot; alt=&quot;&quot;&gt;\"}', '{\"1\":0,\"5\":5,\"23\":4,\"18\":0,\"24\":3}', 12, 1, 1587695221, 1587695221),
(21, 15, 3, '{\"5\":\"5\",\"18\":[\"45\",\"46\"],\"1\":[\"1\",\"2\"],\"23\":\"&lt;p&gt;hhkhhkhkhh&lt;\\/p&gt;&lt;p&gt;&lt;img src=&quot;http:\\/\\/127.0.0.1\\/sikuexam\\/public\\/uploads\\/examimg\\/20200424\\\\80fd15fb027b87da3069c096b4a975e3.jpg&quot; alt=&quot;&quot;&gt;&lt;br&gt;&lt;\\/p&gt;\",\"24\":\"&lt;p&gt;khhkj&lt;\\/p&gt;&lt;p&gt;&lt;img src=&quot;http:\\/\\/127.0.0.1\\/sikuexam\\/public\\/uploads\\/examimg\\/20200424\\\\fb73caf2645b08333902321549db39e6.jpg&quot; alt=&quot;&quot;&gt;&lt;br&gt;&lt;\\/p&gt;\"}', '{\"1\":0,\"5\":0,\"23\":1,\"18\":0,\"24\":5}', 6, 1, 1587717551, 1587717551),
(22, 15, 3, '{\"5\":\"6\",\"18\":{\"1\":\"46\",\"2\":\"47\"},\"1\":{\"1\":\"2\",\"2\":\"3\"},\"23\":\"&lt;img src=&quot;http:\\/\\/127.0.0.1\\/sikuexam\\/public\\/uploads\\/examimg\\/20200424\\\\a7b2c8fdcc94aebf54077e716e1c275f.jpg&quot; alt=&quot;&quot;&gt;\",\"24\":\"&lt;img src=&quot;http:\\/\\/127.0.0.1\\/sikuexam\\/public\\/uploads\\/examimg\\/20200424\\\\a5c99a9b3ab86ebbe61e64313fc98c7c.jpeg&quot; alt=&quot;&quot;&gt;\"}', '{\"1\":2,\"5\":5,\"23\":3,\"18\":5,\"24\":4}', 19, 2, 1587717790, 1587717790),
(23, 15, 3, '{\"5\":\"6\",\"18\":{\"1\":\"46\",\"2\":\"47\"},\"1\":{\"1\":\"2\",\"2\":\"3\"},\"23\":\"&lt;img src=&quot;http:\\/\\/127.0.0.1\\/sikuexam\\/public\\/uploads\\/examimg\\/20200424\\\\7ec3401ec838d0216327284127e6688c.jpeg&quot; alt=&quot;&quot;&gt;\",\"24\":\"\"}', '{\"1\":2,\"5\":5,\"23\":1,\"18\":5,\"24\":5}', 18, 2, 1587717922, 1587717922);

-- --------------------------------------------------------

--
-- 表的结构 `siku_teachers`
--

DROP TABLE IF EXISTS `siku_teachers`;
CREATE TABLE IF NOT EXISTS `siku_teachers` (
  `tid` int(11) NOT NULL AUTO_INCREMENT,
  `uname` varchar(20) NOT NULL,
  `truename` varchar(20) NOT NULL,
  `pass` char(32) NOT NULL,
  `subject` tinyint(5) DEFAULT NULL,
  `admintype` tinyint(5) NOT NULL DEFAULT '1',
  `class` smallint(10) NOT NULL,
  `grade` tinyint(5) NOT NULL,
  `create_time` int(11) NOT NULL,
  `update_time` int(11) NOT NULL DEFAULT '0',
  PRIMARY KEY (`tid`)
) ENGINE=MyISAM AUTO_INCREMENT=10 DEFAULT CHARSET=utf8 COMMENT='教师用户表';

--
-- 转存表中的数据 `siku_teachers`
--

INSERT INTO `siku_teachers` (`tid`, `uname`, `truename`, `pass`, `subject`, `admintype`, `class`, `grade`, `create_time`, `update_time`) VALUES
(1, 'admin', '郝兴斌', 'e10adc3949ba59abbe56e057f20f883e', 4, 3, 168, 1, 1555570180, 0),
(2, 'halex', '张三', 'e10adc3949ba59abbe56e057f20f883e', 4, 1, 168, 1, 1582771568, 1582771568),
(3, 'admin2', '李四', 'e10adc3949ba59abbe56e057f20f883e', 4, 1, 169, 1, 1582771709, 1582771709);

-- --------------------------------------------------------

--
-- 表的结构 `tk_qingjiadata`
--

DROP TABLE IF EXISTS `tk_qingjiadata`;
CREATE TABLE IF NOT EXISTS `tk_qingjiadata` (
  `id` int(11) NOT NULL AUTO_INCREMENT,
  `name` varchar(10) NOT NULL,
  `sex` char(3) NOT NULL,
  `phone` varchar(11) NOT NULL,
  `bumen` varchar(10) NOT NULL,
  `reason` varchar(200) NOT NULL,
  `starttime` int(11) NOT NULL,
  `endtime` int(11) NOT NULL,
  `beizhu` varchar(50) NOT NULL,
  `type` tinyint(4) NOT NULL,
  `creat_time` int(11) NOT NULL,
  PRIMARY KEY (`id`)
) ENGINE=MyISAM AUTO_INCREMENT=9 DEFAULT CHARSET=utf8 COMMENT='请假数据表';

--
-- 转存表中的数据 `tk_qingjiadata`
--

INSERT INTO `tk_qingjiadata` (`id`, `name`, `sex`, `phone`, `bumen`, `reason`, `starttime`, `endtime`, `beizhu`, `type`, `creat_time`) VALUES
(1, '刘德华', '男', '2147483647', '校办公室', '生病输液', 1580400000, 1580486400, '', 1, 1580478637),
(4, '张惠妹', '女', '15534378771', '图书室', '去市里开会', 1580400000, 1580486400, '', 2, 1580479462),
(5, '张学友', '男', '15534378771', '高三', '生病了看病去', 1580535080, 1580572800, '无', 1, 1580535174),
(6, '朱祁镇', '男', '15534379851', '社团办', '哈哈不不不', 1580550412, 1580670240, '', 1, 1580550445);

-- --------------------------------------------------------

--
-- 表的结构 `tk_tdata`
--

DROP TABLE IF EXISTS `tk_tdata`;
CREATE TABLE IF NOT EXISTS `tk_tdata` (
  `id` int(11) NOT NULL AUTO_INCREMENT COMMENT 'id',
  `subject` varchar(20) NOT NULL COMMENT '科目',
  `class` int(10) NOT NULL COMMENT '班级',
  `grade` char(10) NOT NULL,
  `kejie` int(5) NOT NULL COMMENT '课节',
  `teacher` varchar(20) NOT NULL COMMENT '授课教师',
  `listener` varchar(100) NOT NULL COMMENT '听课人',
  `beizhu` varchar(200) NOT NULL COMMENT '备注',
  `img` varchar(500) NOT NULL COMMENT 'imgurl',
  `creat_time` int(11) NOT NULL,
  PRIMARY KEY (`id`)
) ENGINE=MyISAM AUTO_INCREMENT=64 DEFAULT CHARSET=utf8 COMMENT='tingke data basses';

--
-- 转存表中的数据 `tk_tdata`
--

INSERT INTO `tk_tdata` (`id`, `subject`, `class`, `grade`, `kejie`, `teacher`, `listener`, `beizhu`, `img`, `creat_time`) VALUES
(1, '语文', 168, '高三', 2, 'ggg', 'ggg', '', 'b74fcf35f4c9ad9fc1f73fc8238b440b.jpg,', 0),
(2, '数学', 0, '高二', 2, 'gg', 'gg', '', '', 0),
(3, '英语', 169, '高一', 3, 'hhh', 'fff,ggg', '', 'd421d9479696093c9a9898dfda9d2d68.jpg,9f2d3de46e1ae5bb7011d88c5f6c1f68.png,', 1555284849),
(49, '英语', 139, '高三', 3, '', '快快快', '', '9a3829f2ab38bded094f030531c901c1.jpg,2d7f893dd801807f7b05e528e9d00dd4.jpg,11ebb689a11f3731c7577b4e18c61402.jpg,', 1555570180),
(6, '英语', 0, '高二', 7, '', '0011', '', '', 1555290281),
(61, '数学', 140, '后勤', 6, 'hhh', '等等发', '', '20190426/51fa4a677213b2158ba9e1a973983692.jpg,', 1556277954),
(9, '语文', 0, '高二', 2, 'dd', 'dd', '', '', 1555294134),
(57, '物理', 124, '高三', 3, 'jjh', 'lllggg', '', '20190420/03ffbe94076a3fd6b727902c8282f6ca.jpg,20190420/e23f8c84df70d65983f9d1cb797daf6d.jpg,20190420/34825e0dada7af9a7307a58b1b83b25c.png,', 1555715424),
(58, '物理', 124, '高二', 3, 'jjh', 'iuygf', '', '20190420/03ffbe94076a3fd6b727902c8282f6ca.jpg,20190420/e23f8c84df70d65983f9d1cb797daf6d.jpg,20190420/34825e0dada7af9a7307a58b1b83b25c.png,', 1555715424),
(21, '语文', 0, '高一', 2, '', '', '', '', 1555297859),
(22, '数学', 0, '高三', 2, '', '', '', '', 1555298075),
(23, '语文', 0, '高二', 1, '', '', '', '', 1555303826),
(24, '语文', 126, '高三', 10, '', '', '', '', 1555304002),
(62, '英语', 147, '教辅', 7, '刘德华', '张惠妹', '', '20190427/345e87835853d147bdc8da520638164a.png,', 1556351416),
(33, '语文', 168, '高一', 3, 'bbb', 'bbb,ggg', '', '488067d0e4c0c7bc51d7661eeb3fa3d6.png,', 1555336454),
(34, '数学', 0, '教辅', 3, 'fffffff', 'fffff,hhhh', '', 'c736ad54c7f672b120c13dacb341b567.jpg,ba2d67a9cea5c19cbfe044cee4160cc0.jpg,eba3a9a80771194ab29d2fc6eee8505d.jpg,', 1555369412),
(35, '语文', 0, '后勤', 4, 'ccc', 'cccc', '', '725a2cd37f6fb46e33dd2455dafa746c.png,4eb5525d65be68318a1811a3d7761271.png,5f4ff652808c71a35e984997035aa521.jpg,', 1555369570),
(36, '英语', 169, '高三', 3, 'hhh', 'hhh', '', '16b714dd224de547ced72fbd987df3b3.png,', 1555382844),
(37, '物理', 170, '高三', 7, '郝兴斌', '郝兴斌', '', '3b96013cbc1c588e2190d71aaab870b8.jpg,', 1555385287),
(38, '物理', 170, '高三', 7, '郝兴斌', '刘德华', '', '3b96013cbc1c588e2190d71aaab870b8.jpg,', 1555385287),
(39, '物理', 170, '高三', 7, '郝兴斌', '张惠妹', '', '3b96013cbc1c588e2190d71aaab870b8.jpg,', 1555385287),
(40, '物理', 170, '高三', 7, '郝兴斌', '郝兴斌', '', 'e536dcb7f9127916925f19cf0d8fde4f.jpg,', 1555385365),
(41, '物理', 170, '高三', 7, '郝兴斌', '张惠妹', '', 'e536dcb7f9127916925f19cf0d8fde4f.jpg,', 1555385365),
(42, '物理', 170, '高三', 7, '郝兴斌', '郝兴斌', '', 'e536dcb7f9127916925f19cf0d8fde4f.jpg,', 1555385371),
(43, '物理', 170, '高三', 7, '郝兴斌', '张惠妹', '', 'e536dcb7f9127916925f19cf0d8fde4f.jpg,', 1555385371),
(44, '物理', 170, '高三', 7, '郝兴斌', '郝兴斌', '', 'e536dcb7f9127916925f19cf0d8fde4f.jpg,', 1555385377),
(45, '物理', 170, '高三', 7, '郝兴斌', '张惠妹', '', 'e536dcb7f9127916925f19cf0d8fde4f.jpg,', 1555385377),
(46, '生物', 130, '高三', 4, '还行吧', '客家话', '', 'bba21100dfd7a0447f884325035fb5b2.jpg,', 1555397994),
(47, '生物', 130, '高三', 4, '还行吧', '好几个', '', 'bba21100dfd7a0447f884325035fb5b2.jpg,', 1555397994),
(50, '数学', 124, '高一', 4, '急急急', '快快快', '', '241c992c080b0ec93ff14c9631204b24.png,', 1555570682),
(51, '数学', 124, '高三', 4, '急急急', '快快快', '', '241c992c080b0ec93ff14c9631204b24.png,', 1555570682),
(54, '英语', 108, '教辅', 2, '哈哈哈', '哈德门', '', '219e520cc0493d6211a050bc880c1aa4.jpg,', 1555572955),
(55, '英语', 108, '高二', 2, '哈哈哈', '合理发', '', '219e520cc0493d6211a050bc880c1aa4.jpg,', 1555572955),
(59, '数学', 169, '高一', 3, 'ggg', '郝兴斌', '', '20190426/9acb044c2bdfb91a52c7f454ef9ab436.png,', 1556257887),
(60, '数学', 169, '高一', 3, 'ggg', '张惠妹', '', '20190426/9acb044c2bdfb91a52c7f454ef9ab436.png,', 1556257887),
(63, '英语', 147, '教辅', 7, '刘德华', '看小说0', '', '20190427/345e87835853d147bdc8da520638164a.png,', 1556351416);

-- --------------------------------------------------------

--
-- 表的结构 `tk_tuandata`
--

DROP TABLE IF EXISTS `tk_tuandata`;
CREATE TABLE IF NOT EXISTS `tk_tuandata` (
  `id` int(11) NOT NULL AUTO_INCREMENT,
  `class` smallint(5) NOT NULL,
  `sname` varchar(12) NOT NULL,
  `sex` char(3) NOT NULL,
  `phone` varchar(11) NOT NULL,
  `comeyear` smallint(6) NOT NULL,
  `score` smallint(5) NOT NULL DEFAULT '0',
  `college` varchar(200) NOT NULL,
  `tuanzheng` char(3) NOT NULL DEFAULT '否',
  `beizhu` varchar(100) NOT NULL,
  `status` tinyint(2) NOT NULL DEFAULT '2',
  `creat_time` int(11) NOT NULL,
  `banli_time` int(11) NOT NULL,
  PRIMARY KEY (`id`)
) ENGINE=MyISAM AUTO_INCREMENT=534 DEFAULT CHARSET=utf8 COMMENT='团关系数据';

--
-- 转存表中的数据 `tk_tuandata`
--

INSERT INTO `tk_tuandata` (`id`, `class`, `sname`, `sex`, `phone`, `comeyear`, `score`, `college`, `tuanzheng`, `beizhu`, `status`, `creat_time`, `banli_time`) VALUES
(31, 170, '王泽恺', '男', '18636145404', 2016, 399, '太原师范学院-音乐学', '否', '', 1, 1565053625, 1566785410),
(32, 163, '张倩倩', '女', '15234857412', 2015, 235, '运城学院，小学教育', '否', '7', 1, 1565058740, 1567587143),
(141, 177, '杨杰润', '男', '18635814327', 2014, 355, '井冈山大学动画专业', '否', '', 1, 1565755035, 1566354962),
(33, 163, '武晓乐', '女', '13294586665', 2015, 238, '山西旅游职业学院 人物形象设计', '是', '3（大一回来补）', 1, 1565059123, 1565168409),
(27, 166, '李超', '男', '13037098648', 2016, 453, '运城学院 数学与应用数学', '否', '', 1, 1565045637, 1565141670),
(28, 2019, '白雪', '女', '13593392906', 2016, 462, '山西省运城学院  英语（师范类）', '否', '', 1, 1565046162, 1565141880),
(29, 2019, '卫政豪', '男', '18634580233', 2016, 503, '中北大学（机械工程学院）机械类', '否', '', 1, 1565049153, 1565143238),
(30, 2019, '马东萱', '男', '15703483971', 2016, 502, '中北大学   机械类', '否', '', 1, 1565051715, 1565142026),
(25, 2019, '赵佳丽', '女', '15513982741', 2016, 461, '山西大同大学   电子信息科学与技术', '否', '', 1, 1565005372, 1565603144),
(26, 178, '陈美娇', '女', '15535803240', 2016, 491, '院校:忻州师范学院-专业:思想政治教育', '否', '', 1, 1565014894, 1566202634),
(24, 168, '魏国华', '男', '13834766324', 2016, 1, '山西华澳商贸职业学院-专业大数据技术与应用', '否', '单招', 1, 1565002082, 1565082533),
(10, 2019, '张青青', '男', '17635834755', 2016, 499, '太原科技大学    机械设计制造及自动化', '否', '无', 1, 1564631143, 1565772761),
(11, 177, '郭强', '男', '15735864562', 2016, 504, '喀什大学    国际经济与贸易', '否', '', 1, 1564933278, 1566203431),
(12, 166, '武靖峰', '男', '17835266302', 2016, 440, '山西工程技术学院-计算机科学与技术', '是', '3', 1, 1564933549, 1565144658),
(13, 2019, '王佳豪', '男', '18735882662', 2016, 492, '山西大学动力工程系能源与动力工程', '否', '', 1, 1564938369, 1565144887),
(14, 2019, '张新苑', '男', '15835881090', 2016, 441, '山西工程技术学院土木工程', '否', '', 1, 1564956132, 1565141276),
(15, 171, '郭秀秀', '女', '17535886574', 2016, 331, '井冈山大学     舞蹈表演', '是', '', 2, 1564957651, 1564957651),
(16, 171, '梁李鹏', '男', '13593370662', 2016, 438, '太原学院～物流工程', '否', '', 1, 1564963894, 1565780572),
(17, 177, '郭俊男', '男', '16636183357', 2016, 325, '广西艺术学院舞蹈表演', '否', '', 1, 1564964181, 1566203362),
(18, 177, '李海珍', '女', '18435870139', 2016, 496, '晋中学院   人力资源管理', '是', '全补10', 1, 1564965483, 1566788132),
(19, 166, '胡佳璐', '女', '13223580428', 2016, 465, '太原师范学院，小学教育', '否', '', 2, 1564965539, 1568537515),
(20, 2019, '孔繁瑜', '男', '13223587266', 2016, 453, '山西大同大学-生物工程', '否', '3', 1, 1564970525, 1566379558),
(21, 166, '李宇鹏', '男', '15035869237', 2016, 432, '山西能源学院-机械设计制造及其自动化', '否', '', 1, 1564978074, 1566177110),
(22, 171, '李炳昭', '男', '15535860717', 2016, 443, '太原学院--网络工程', '是', '3', 1, 1564980712, 1565774679),
(23, 177, '任婧', '女', '15635802270', 2016, 382, '晋中学院 书法学', '否', '', 1, 1564987292, 1566176750),
(34, 167, '武泳江', '男', '18234356846', 2016, 447, '山西农业大学  农学', '否', '', 1, 1565067177, 1565144267),
(35, 168, '王辉', '男', '17735847563', 2016, 371, '太原师范学院-社会体育指导与管理', '是', '3', 1, 1565069903, 1565167865),
(36, 171, '雷淑惠', '女', '15735425007', 2016, 306, '四川传媒学院广播电视编导影视文艺编导', '是', '3', 1, 1565074073, 1565167151),
(37, 154, '朱智轩', '男', '13453823760', 2015, 442, '山西农业大学软件工程', '是', '3+3', 1, 1565080078, 1565082429),
(38, 154, '任帅', '男', '13546688424', 2015, 450, '山西农业大学园艺', '是', '3+3', 1, 1565080088, 1565082436),
(39, 170, '李建宇', '男', '18335829620', 2016, 453, '山西农业大学专业是林业', '否', '', 1, 1565080242, 1565147874),
(40, 2019, '张亚龙', '男', '15735879824', 2016, 469, '山西大同大学  计算机科学与技术', '否', '', 1, 1565080293, 1566182328),
(42, 157, '金圣琪', '男', '18435836127', 2015, 460, '山西大同大学 计算机科学与技术', '是', '6', 1, 1565090861, 1565748535),
(43, 2019, '赵子刚', '男', '15135860737', 2016, 444, '运城学院     机械设计制造及其自动化', '否', '', 1, 1565097555, 1565144414),
(44, 166, '吴昊阳', '男', '15721688258', 2016, 447, '山西警察学院网络安全与执法', '否', '', 1, 1565105870, 1565167276),
(45, 176, '王信达', '男', '15935884709', 2016, 508, '忻州师范学院地理科学专业', '是', '3', 1, 1565106257, 1565166180),
(46, 175, '郭锦涛', '男', '17635469840', 2016, 411, '太原科技大学      社会体育指导与管理', '否', '无', 1, 1565131592, 1566202379),
(47, 172, '史文刚', '男', '18534484081', 2016, 375, '山西大同大学体育教育', '否', '', 1, 1565137321, 1565751162),
(270, 156, '赵显瑞', '男', '18303589726', 2015, 384, '南昌大学共青学院-电气工程及其自动化', '是', '3', 1, 1566203672, 1566205814),
(48, 2019, '梁煜', '男', '18534852778', 2016, 472, '山西省农业大学 计算机类', '否', '', 1, 1565140727, 1565141282),
(49, 176, '冯义凯', '男', '18535823459', 2016, 243, '山西大学-体育学院武术与民族传统体育', '否', '', 1, 1565141120, 1565166436),
(50, 2019, '雷奋巍', '男', '13834350417', 2016, 491, '山西大学   电子信息工程', '否', '', 1, 1565141135, 1565167410),
(52, 166, '武泳江', '男', '18234356846', 2016, 447, '山西农业大学  农学', '否', '', 1, 1565142652, 1565147236),
(53, 176, '李佳', '女', '15635862990', 2016, 381, '太原师范学院-音乐学（小提琴）专业', '否', '', 1, 1565143452, 1565166642),
(56, 174, '郭家昌', '男', '13753881636', 2016, 380, '山西财经大学   体育经济与管理', '否', '', 1, 1565146725, 1565147210),
(55, 2014, '梁善咨', '男', '15698688271', 2014, 481, '南京森林警察学院刑事科学与技术', '是', '144班9', 1, 1565146273, 1565599870),
(57, 175, '张志璇', '男', '18334868128', 2015, 432, '忻州师范学院   体育教育', '否', '165班3', 1, 1565149380, 1565600977),
(58, 175, '刘杰骅', '男', '15635834218', 2015, 460, '山西师范大学体育教育', '否', '165班3', 1, 1565150142, 1565600990),
(59, 170, '王杰', '男', '18234883826', 2016, 439, '山西农业大学-软件工程', '否', '', 1, 1565153181, 1566177855),
(60, 2019, '梁乐', '男', '18135314456', 2016, 491, '郑州轻工业大学 网络工程', '否', '', 1, 1565153709, 1565573804),
(61, 168, '严淙', '男', '15979644014', 2016, 426, '龙岩学院生物科技类（师范类）', '否', '', 1, 1565156423, 1566182222),
(62, 169, '范雅茹', '女', '15635848254', 2016, 384, '北京联合大学设计学类', '否', '', 1, 1565162326, 1565745318),
(137, 174, '赵禹翔', '男', '18335862339', 2016, 370, '山西大同大学 运动康复', '否', '', 1, 1565748955, 1565749557),
(63, 166, '武飞', '男', '15525849442', 2016, 458, '太原工业学院-电子信息工程', '否', '', 1, 1565176326, 1565577416),
(64, 2019, '杜启通', '男', '18234855682', 2016, 482, '兰州财经大学投资学', '否', '', 1, 1565227511, 1565748594),
(65, 172, '张宏', '男', '15386789888', 2016, 427, '山西警察学院  信息安全', '否', '', 1, 1565229943, 1566177549),
(66, 167, '赵世雄', '男', '18203583012', 2016, 369, '重庆第二师范学院公共艺术', '否', '', 1, 1565230939, 1565598206),
(67, 163, '左迁荣', '男', '17535818258', 2015, 409, '中国矿业大学徐海学院工业工程', '是', '6', 1, 1565271583, 1566181538),
(201, 174, '黄浩敏', '女', '18835816828', 2016, 350, '山西卫生健康职业学院', '否', '', 1, 1566089465, 1566810516),
(68, 153, '李二琴', '女', '18234801341', 2015, 438, '运城学院生物科学（检验与检测方面）', '是', '6', 1, 1565330322, 1565576341),
(69, 2019, '武越蓉', '女', '15835176297', 2016, 442, '长治医学院护理学', '否', '', 1, 1565331024, 1565577232),
(70, 173, '张镜骐', '女', '14735821995', 2016, 0, '山西经贸职业技术学院计算机网络技术', '是', '3', 1, 1565405939, 1566202147),
(71, 2019, '张云超', '男', '15534384628', 2016, 444, '太原学院物联网工程', '否', '', 1, 1565415819, 1566352938),
(72, 173, '霍晓玲', '女', '18735859223', 2016, 0, '山西经贸职业学院会计信息管理', '否', '', 1, 1565417381, 1566201990),
(73, 168, '赵轩浩', '男', '15383489905', 2016, 0, '走单独招生山西职业技术学院，机电一体化', '否', '', 1, 1565417961, 1566357485),
(74, 173, '郭佳蓉', '女', '13453892039', 2016, 0, '山西建筑职业技术学院物业管理', '否', '', 1, 1565481242, 1565771862),
(75, 173, '雷倩倩', '女', '18835855359', 2016, 0, '山西建筑职业技术学院（ 室内设计）', '否', '', 1, 1565486725, 1565771644),
(76, 176, '王宏涛', '男', '15035341950', 2016, 0, '山西职业技术学院 会计专业', '否', '', 1, 1565487370, 1565577472),
(77, 173, '胡婕予', '女', '18035802309', 2016, 0, '山西建筑职业技术学院房地产经营与管理', '是', '3', 1, 1565487922, 1566202152),
(78, 166, '张翔敦', '男', '18435880550', 2016, 473, '辽宁石油化工大学   城市地下空间工程', '是', '3', 2, 1565488748, 1565772290),
(79, 158, '段姝阳', '女', '18234854686', 2015, 411, '天津商业大学-设计学类', '是', '6', 1, 1565489137, 1565597949),
(80, 163, '李坤', '男', '18334868150', 2016, 402, '山西财经大学华商学院-工商管理', '是', '7', 1, 1565491160, 1567992284),
(81, 170, '李敏', '女', '13203589409', 2016, 294, '山西应用科技学院——播音主持艺术', '是', '3', 1, 1565491245, 1566354003),
(82, 171, '李佳鸿', '女', '15834222377', 2016, 386, '山西农业大学信息学院-市场营销', '否', '', 1, 1565492099, 1566353279),
(83, 166, '郭映宏', '男', '18235892086', 2016, 445, '运城学院，机械设计制造及其自动化', '否', '无', 1, 1565492393, 1565773795),
(84, 2019, '田博', '女', '15535874860', 2016, 437, '山东青年政治学院  审计学', '是', '3', 1, 1565493890, 1565598371),
(85, 153, '张路遥', '男', '17636159885', 2015, 452, '山西大同大学土木工程', '否', '3', 1, 1565494253, 1566382324),
(86, 168, '李梓帆', '女', '13834744190', 2016, 431, '运城学院   通信工程', '否', '', 1, 1565520825, 1565749938),
(87, 166, '张谱元', '男', '18435810928', 2016, 445, '太原工业学院 电子工程系 测控技术与仪器', '否', '', 1, 1565520891, 1565598131),
(88, 169, '马鑫辉', '男', '15935868198', 2016, 438, '晋中学院-环境科学与工程', '否', '', 1, 1565526646, 1565750040),
(89, 153, '薛金汪', '男', '15735827136', 2015, 478, '内蒙古科技大学 材料成型及控制工程', '否', '3', 1, 1565527885, 1565573431),
(90, 2019, '冯孝坤', '男', '13753385690', 2016, 482, '湖北第二师范学院 数据科学与大数据技术', '否', '', 1, 1565528457, 1565572638),
(91, 166, '梁泽根', '男', '16634001820', 2016, 373, '湖南文理学院-音乐学', '否', '', 1, 1565533814, 1565577293),
(92, 153, '张怡馨', '女', '13753832720', 2015, 384, '长春光华学院会计学', '否', '3', 1, 1565537892, 1565775650),
(93, 163, '吴卓霖', '男', '13044496800', 2015, 430, '运城学院新能源科学与工程', '否', '1', 1, 1565569392, 1567565093),
(94, 159, '侯子浩', '男', '13513586311', 2015, 467, '山西师范大学体育学院   社会体育指导与管理', '否', '3', 1, 1565572401, 1565573250),
(95, 164, '郝晓宇', '男', '15835881547', 2015, 332, '河南科技学院 环境设计', '是', '6', 1, 1565572414, 1565574962),
(96, 168, '王翠姣', '女', '18435887176', 2015, 433, '长治学院  学前教育', '是', '3', 1, 1565573769, 1565574213),
(97, 2014, '顾宇斌', '男', '15386984108', 2014, 426, '运城学院', '是', '152班9', 1, 1565573964, 1565599941),
(98, 187, '那景栋', '男', '15535871692', 2016, 435, '职中', '否', '2017级高三转职中', 1, 1565575195, 1565575195),
(99, 156, '王瑞鹏', '男', '17835264510', 2015, 470, '新疆农业大学  计算机科学与技术专业', '否', '3', 1, 1565575240, 1565575977),
(108, 172, '李景婷', '女', '18234358881', 2016, 396, '河北地质大学华信学院环境工程', '否', '', 1, 1565600065, 1565600447),
(100, 165, '倪卓', '女', '13453823362', 2015, 357, '成都理工大学环境设计', '否', '', 2, 1565575804, 1565575804),
(101, 155, '闫一锋', '男', '13152984598', 2015, 391, '烟台南山学院自动化专业', '否', '3', 1, 1565581963, 1565597762),
(102, 155, '苏光鹏', '男', '18334865728', 2015, 471, '太原科技大学', '否', '3', 1, 1565582657, 1565597766),
(103, 170, '高溪远', '女', '18235830777', 2016, 350, '沈阳音乐学院 表演音乐剧系', '否', '', 1, 1565586892, 1565598555),
(104, 166, '张剑', '男', '13593412463', 2016, 424, '吕梁学院  信息与计算科学', '否', '', 1, 1565593996, 1566177135),
(105, 178, '孟李雨佳', '女', '13293941948', 2016, 402, '太原师范学院 音乐表演', '否', '', 1, 1565599136, 1565599421),
(106, 172, '雷璐嘉', '女', '13734159266', 2016, 371, '山西农业大学信息学院  电气工程及其自动化', '否', '', 1, 1565599139, 1565599424),
(107, 158, '武靖彬', '男', '15735452769', 2015, 430, '中北大学信息商务学院-互联网金融', '否', '', 1, 1565599246, 1566183189),
(109, 177, '荆倩宇', '女', '13453808848', 2016, 489, '忻州师范学院历史专业', '是', '3', 1, 1565601217, 1566352161),
(110, 160, '刘耀隆', '男', '15735881628', 2015, 381, '山西农业大学信息学院经济与管理学院-互联网金融专业', '是', '6', 1, 1565603009, 1566354706),
(111, 166, '陈研', '女', '13152785213', 2016, 460, '忻州师范学院的数学与应用数学', '否', '', 1, 1565610059, 1565745196),
(112, 178, '张晟', '男', '18534777841', 2016, 384, '鞍山师范学院书法学师范类', '否', '', 1, 1565617668, 1565772357),
(113, 178, '文甜甜', '女', '15534348631', 2016, 459, '广西艺术学院 书法学', '否', '', 1, 1565620057, 1566177722),
(114, 178, '张钟月', '女', '17603482669', 2016, 388, '淮阴师范学院书法学', '否', '', 1, 1565622074, 1565772436),
(115, 169, '文甜', '女', '17835291108', 2016, 368, '山西大同体育教育', '否', '', 1, 1565656811, 1566182607),
(116, 153, '武诚强', '男', '15582483468', 2015, 442, '太原学院  机械工程', '是', '6', 1, 1565658589, 1565747184),
(117, 171, '武世剑', '男', '15535888017', 2016, 363, '中北大学信息商务学院   电子信息工程', '否', '', 1, 1565663500, 1565771976),
(118, 168, '贺涵琪', '女', '15234862393', 2016, 265, '山西应用科技学院（太原）-播音主持', '否', '', 1, 1565666058, 1565749203),
(119, 171, '高越', '女', '18435850791', 2016, 408, '山西大学商务学院 工商管理系', '否', '', 1, 1565671488, 1565746812),
(120, 166, '张鑫磊', '男', '18434154324', 2016, 421, '山西能源学院测绘工程', '是', '3', 1, 1565672647, 1566177293),
(121, 2019, '樊琦颖', '女', '18835855258', 2016, 416, '山西大学商务学院会计学（会计实务与管理方向）', '否', '', 1, 1565677327, 1565746659),
(122, 155, '张宇超', '男', '16634476453', 2015, 402, '山西财经大学华商学院', '否', '', 1, 1565686247, 1566181826),
(123, 173, '王星雁', '女', '15735847595', 2016, 409, '山西大学商务学院    网络工程', '否', '', 1, 1565687205, 1566178166),
(124, 169, '张梦', '女', '18335813710', 2016, 310, '山西大同大学书法学专业', '否', '', 1, 1565688670, 1565773081),
(125, 153, '林钰涛', '男', '15935867795', 2015, 410, '武昌首义学院-计算机科学与技术', '否', '3', 1, 1565689504, 1565769785),
(126, 165, '苏颖', '女', '18235842818', 2015, 493, '吕梁学院中文系汉语言文学专业', '否', '3', 1, 1565690481, 1566178628),
(127, 168, '张盛玺', '男', '13133086197', 2016, 409, '山西大学商务学院   金融学(证卷投资方向)', '否', '', 1, 1565692298, 1565745984),
(128, 167, '冯媛媛', '女', '18234328677', 2016, 341, '山西大学商务学院-体育教育', '否', '', 1, 1565695107, 1566203042),
(129, 160, '成二阳', '女', '13835801076', 2015, 363, '太原师范学院体育教育', '否', '3', 1, 1565696277, 1566354524),
(130, 155, '武夏羽', '女', '17835277457', 2015, 399, '中北大学信息商务学院-财务管理', '是', '6', 1, 1565697525, 1565770870),
(131, 178, '王泰景', '男', '18613585985', 2016, 400, '山西大同大学-体育教育', '否', '', 1, 1565697852, 1565750976),
(132, 178, '翟文静', '女', '17696214735', 2016, 471, '北京科技大学天津学院   金融工程', '否', '', 1, 1565744200, 1565772668),
(133, 2019, '吕超', '男', '18234888336', 2016, 447, '太原工业学院高分子材料与工程', '是', '3', 1, 1565744831, 1565772945),
(134, 164, '付朝', '男', '18435843197', 2015, 437, '太原学院  物流工程', '否', '2回初中盖章去了3', 1, 1565745501, 1566180144),
(135, 2014, '张佳慧', '女', '18334832606', 2014, 491, '运城学院 思想政治教育(师范类)', '否', '151班6', 1, 1565745805, 1565747346),
(136, 171, '那文清', '女', '13753597156', 2016, 0, '山西大同煤炭职业技术学院信息工程系数字展示技术', '否', '', 1, 1565747767, 1565747936),
(138, 159, '张宇卿', '女', '15234889195', 2015, 362, '咸阳师范学院 美术学', '否', '3', 1, 1565750235, 1565750371),
(139, 177, '霍禹陶', '男', '15534376060', 2016, 433, '山西农业大学信息学院 财务管理', '否', '', 1, 1565750766, 1565750813),
(140, 174, '闫磊鹏', '男', '17603580423', 2016, 447, '太原学院网络工程', '否', '', 1, 1565751434, 1565751722),
(142, 175, '李彦磊', '男', '18334884064', 2016, 491, '太原学院会展经济与管理', '是', '3', 1, 1565755936, 1565773151),
(143, 178, '田娟', '女', '15535893019', 2016, 405, '广西贺州学院广播电视编导', '否', '', 1, 1565767959, 1565771361),
(144, 2019, '李文辉', '男', '15834354698', 2016, 482, '山西大同大学 计算机科学与技术（云计算方向）', '是', '10', 1, 1565768083, 1567419319),
(145, 169, '张栋海', '男', '15234869156', 2016, 430, '运城学院-电子科学与技术（印制电路技术与工艺方向）', '否', '', 1, 1565771280, 1565771379),
(146, 169, '徐朝强', '男', '13753378775', 2016, 443, '山西大同大学    机械设计制造及其自动化', '是', '3', 1, 1565771353, 1565771448),
(147, 167, '张超宇', '男', '18303588536', 2016, 366, '中北大学信息商务学院-电气自动化', '否', '', 1, 1565771597, 1565772135),
(148, 153, '赵金丽', '女', '18035856424', 2015, 427, '运城学院食品质量与安全', '否', '3', 1, 1565771732, 1565771817),
(149, 174, '杨皓匀', '男', '13546256988', 2016, 344, '百色学院 环境设计专业', '是', '3', 1, 1565771784, 1566203885),
(150, 174, '李嘉欣', '女', '18334853982', 2016, 0, '山西工程职业学院-城市轨道交通运营管理', '否', '', 1, 1565773885, 1565774055),
(151, 159, '何俊宇', '女', '13133488668', 2015, 469, '山西大学商务学院  新闻学', '否', '1', 1, 1565773913, 1565774286),
(152, 173, '郭凡', '女', '15834223062', 2016, 357, '南通大学杏林学院   市场营销', '否', '', 1, 1565774958, 1566178081),
(153, 155, '张瑞瑞', '女', '15735849514', 2015, 435, '运城学院-材料科学与工程', '否', '3', 1, 1565775868, 1566351114),
(154, 155, '王思宇', '女', '15635857094', 2015, 442, '太原学院     园林专业', '否', '3', 1, 1565777414, 1566983734),
(155, 165, '苏银翠', '女', '18435873426', 2015, 503, '湖南女子学院英语（师范）', '否', '3', 1, 1565786589, 1566181351),
(156, 170, '郭方越', '男', '13327580110', 2016, 382, '山西省吕梁学院 体育教育', '否', '', 1, 1565838501, 1566809235),
(157, 178, '郭项廷', '男', '15525849911', 2016, 325, '山西工商学院播音主持艺术专业', '是', '3', 1, 1565846233, 1566178399),
(158, 156, '张然', '女', '18235857021', 2015, 421, '山西大学商务学院金融学', '否', '3', 1, 1565856905, 1566178877),
(159, 156, '郭暄敏', '女', '15340948675', 2015, 303, '南阳理工学院', '是', '6', 1, 1565857148, 1566178979),
(160, 178, '张雯雅', '女', '15235803675', 2016, 413, '辽宁对外经贸学院国际经济与贸易', '否', '', 1, 1565857415, 1566204901),
(161, 178, '王昕', '女', '15934014107', 2016, 410, '山西工商学院学前教育', '否', '', 1, 1565857523, 1566176997),
(162, 178, '鲁星如', '女', '17835274349', 2016, 412, '山西工商学院会计学', '否', '', 1, 1565857599, 1566182141),
(163, 176, '史昌卉', '女', '15234858453', 2016, 411, '山西大同大学-书法学', '是', '3', 1, 1565857637, 1566185246),
(164, 170, '张云鹏', '男', '15035345184', 2016, 377, '青岛滨海学院   机械类', '否', '', 1, 1565862704, 1566179124),
(165, 161, '宋明杰', '男', '15635838860', 2015, 393, '安徽建筑大学城市建设学院机械设计制造及其自动化专业', '否', '3', 1, 1565865952, 1566179426),
(166, 171, '文乾行', '男', '17735833639', 2016, 355, '山西省工商学院会计学', '否', '', 1, 1565871229, 1566178752),
(167, 158, '李慧婷', '女', '15935171502', 2015, 450, '山西工商学院 学前教育（少儿推拿保健方向）', '是', '6', 1, 1565920505, 1566353838),
(169, 174, '赵家玮', '男', '13753595413', 2016, 308, '黔南民族师范学院音乐学', '否', '', 1, 1565926772, 1566378794),
(170, 178, '乔星宇', '女', '15698683028', 2016, 475, '山西大学商务学院-会计学', '否', '', 1, 1565932691, 1566376979),
(171, 153, '杨超智', '男', '13663585938', 2015, 432, '太原科技大学晋城校区-焊接技术与工程', '否', '', 1, 1565933341, 1566181408),
(172, 168, '王婉辰', '女', '18434163690', 2016, 359, '山西工商学院翻译', '否', '', 1, 1565939545, 1566357576),
(173, 176, '任鹏瑞', '男', '17535849900', 2016, 304, '西安培华学院播音主持专业', '是', '3', 1, 1565946319, 1566207283),
(174, 177, '成禹奇', '男', '15703484508', 2016, 329, '云南师范大学文理学院', '是', '3', 1, 1565953193, 1566357385),
(175, 155, '郭威宏', '男', '15035363683', 2016, 428, '山西能源学院', '否', '3', 1, 1565956084, 1566181904),
(176, 173, '康渊明', '男', '13293660224', 2016, 312, '九江学院-广播电视编导', '是', '3', 1, 1565957342, 1566185164),
(177, 174, '武轩志', '男', '18534871104', 2016, 0, '山西工程技术学院  安全技术管理', '是', '单招3', 1, 1565957377, 1566376224),
(178, 167, '霍禹佳', '男', '17535804782', 2016, 378, '昆明理工大学津桥学院-电器工程及其自动化', '是', '3', 1, 1566008348, 1566185266),
(179, 172, '王晗琦', '男', '13293947119', 2016, 375, '长春科技学院  机械设计制造及其自动化', '是', '3', 1, 1566009958, 1566204242),
(180, 171, '刘晓辉', '男', '15035836062', 2016, 357, '西安海棠职业学院      动物医学\n', '是', '', 1, 1566016005, 1566375794),
(181, 161, '贺鹏珲', '男', '17635886755', 2015, 437, '山西警察学院法学', '是', '', 2, 1566019239, 1566019239),
(182, 178, '杨维钰', '女', '18234837246', 2016, 389, '武汉工程职业技术学院酒店管理', '否', '', 1, 1566019767, 1566809594),
(183, 178, '任志盼', '男', '18234315898', 2016, 0, '四川西南航空职业学校机电设备维修', '是', '', 2, 1566020802, 1566020802),
(184, 178, '王海鹏', '男', '15035390197', 2016, 412, '四川建筑职业技术学院', '否', '', 1, 1566020924, 1566377517),
(185, 173, '李嘉伟', '男', '18735806125', 2016, 342, '湖北幼儿师范高等专科学校-学前教育（师范类）', '否', '', 1, 1566022214, 1566786560),
(186, 165, '郝彩霞', '女', '18334860557', 2015, 480, '山西大学商务学院，经济学', '是', '6', 1, 1566031017, 1566380799),
(187, 178, '王思蓉', '女', '18234839740', 2016, 397, '山西药科职业学院-中药学', '否', '', 1, 1566035042, 1566984344),
(188, 2019, '史雯璇', '女', '13934360716', 2016, 424, '辽东学院农学院园艺系', '否', '', 1, 1566037342, 1566182527),
(189, 161, '乔星达', '男', '13453826393', 2015, 419, '楚雄师范学院-物理学师范专业', '否', '3', 1, 1566040933, 1566351022),
(190, 175, '魏万祥', '男', '15835815370', 2016, 353, '天津海运职业学院-游艇设计与制造', '否', '', 1, 1566042010, 1566357624),
(191, 158, '乔宇', '女', '15934017688', 2015, 476, '陕西工业职业技术学院 会计', '否', '3', 1, 1566043654, 1566375021),
(192, 160, '杨帆', '男', '15582484122', 2015, 420, '山西能源学院  采矿工程', '否', '3', 1, 1566046382, 1566355320),
(193, 160, '陈宇光', '男', '15834236058', 2015, 376, '山西农业大学信息学院机器人工程', '否', '3', 1, 1566046559, 1566355335),
(194, 160, '刘书磊', '男', '15835814608', 2015, 424, '山西能源学院机器人工程', '否', '3', 1, 1566046658, 1566355349),
(195, 178, '杜佳兴', '男', '17735847362', 2016, 402, '河北轨道运输职业技术学院-城市轨道交通车辆技术', '否', '', 1, 1566049952, 1566784026),
(196, 169, '郝凤鸣', '女', '18334810427', 2016, 359, '山西工商学院  学前教育', '否', '无', 1, 1566051708, 1566203120),
(197, 160, '秦静君', '女', '17535882375', 2015, 418, '山西师范大学（临汾学院）-英语教育（师范类）', '否', '', 1, 1566056220, 1566377824),
(198, 160, '张婷', '女', '19929015901', 2015, 0, '山西财政税务专科学校---证券与期货', '否', '3', 1, 1566063207, 1566806740),
(236, 171, '户暠彤', '女', '15935171916', 2016, 343, '廊坊师范学院舞蹈学', '是', '3', 1, 1566179159, 1566180632),
(200, 170, '黄浩钰', '女', '13935894920', 2016, 421, '山西医科大学汾阳学院护理专业', '否', '', 1, 1566081914, 1566783598),
(202, 174, '梁小可', '男', '18234893571', 2016, 0, '山西工程职业技术学院-工业过程自动化技术', '否', '拿档案', 2, 1566089954, 1566089954),
(203, 155, '白林翰', '男', '15035398075', 2015, 362, '天津电子信息职业大学', '是', '6', 1, 1566090221, 1566786856),
(204, 162, '王常忠', '男', '13753816461', 2015, 323, '天津商业大学宝德学院 设计学类', '否', '6', 1, 1566096736, 1566350864),
(205, 173, '赵磊', '女', '18536159894', 2016, 254, '运城幼儿师范高等专科学校，，，学前教育', '是', '3', 1, 1566098382, 1566955047),
(206, 170, '王佳慧', '女', '15835843165', 2016, 347, '山西财政税务专科学校  市场营销', '否', '', 1, 1566100742, 1566783746),
(207, 165, '郭红星', '女', '15035397454', 2015, 474, '山西医科大学晋祠学院-护理专业', '是', '6', 1, 1566102119, 1566380718),
(208, 168, '张华琦', '男', '15803584636', 2016, 299, '山西工程职业学院-新能源汽车技术', '否', '', 1, 1566104990, 1566873375),
(209, 171, '程娴', '女', '18235864059', 2016, 236, '大同师范高等专科学校-小学教育', '否', '', 1, 1566106810, 1566788196),
(210, 169, '杨婷惠', '女', '18334828138', 2016, 377, '太原理工大学现代科技学院  材料成型及控制工程', '否', '无', 1, 1566106866, 1566202964),
(211, 174, '冀佳豪', '男', '15635846032', 2016, 300, '太原轻工职业技术学院', '是', '全补10', 1, 1566119817, 1566962159),
(212, 169, '任雪融', '女', '17535890078', 2016, 246, '山西信息职业技术学院', '否', '', 1, 1566124956, 1566202892),
(213, 176, '宋若萱', '女', '13753817625', 2016, 349, '陇东学院，美术学院，美术学', '否', '', 1, 1566126931, 1566182664),
(214, 176, '刘凌羽', '女', '18634769575', 2016, 403, '山西工商学院表演系', '否', '', 1, 1566127103, 1566353047),
(215, 165, '武田雨', '男', '18334854033', 2015, 455, '太原理工大学现代科技学院 市场营销', '否', '3', 1, 1566128358, 1566181630),
(216, 168, '张丽敏', '女', '18334871018', 2016, 329, '陕西青年职业学院', '否', '……', 1, 1566128474, 1566353368),
(217, 165, '任昊', '男', '15935868260', 2015, 465, '山西大学商务学院   日语专业', '否', '4', 1, 1566128515, 1566808693),
(218, 175, '杨朝伟', '男', '15735890165', 2016, 363, '台州职业技术学院，虚拟现实应用技术', '否', '', 1, 1566129880, 1566380166),
(219, 161, '陈亚娟', '女', '15035848703', 2015, 433, '运城学院，数字媒体技术', '否', '3', 1, 1566133186, 1566375125),
(220, 166, '张梓豪', '男', '13111184190', 2016, 420, '山西能源学院采矿专业', '是', '3', 1, 1566137816, 1566205379),
(221, 155, '温孝彦', '女', '17835266445', 2016, 417, '山西工程技术学院-安全工程', '是', '6', 1, 1566138705, 1566202247),
(222, 171, '张鹏龙', '男', '15635863709', 2016, 356, '山西应用科技学院   电气工程及智能控制', '否', '', 1, 1566140630, 1566353150),
(223, 170, '高彤', '女', '13546257208', 2016, 273, '燕京理工学院摄影系', '是', '', 2, 1566142682, 1566142682),
(224, 161, '王琪', '女', '15234857024', 2015, 368, '山西农业大学信息学院   国际经济与贸易', '否', '3', 1, 1566144864, 1566377754),
(225, 161, '乔冉', '女', '13753816615', 2015, 354, '大同大学  运动康复', '否', '3', 1, 1566144864, 1566377761),
(226, 169, '张磊', '男', '13453887316', 2016, 354, '山西工商学院土木工程', '否', '', 1, 1566173590, 1566176601),
(227, 168, '戴婧玲', '女', '13720907733', 2016, 437, '晋中学院食品科学与工程', '否', '', 1, 1566175752, 1566179980),
(228, 159, '武文惠', '女', '15534341895', 2015, 462, '山西大学商务学院  市场营销', '是', '6', 1, 1566177443, 1566178601),
(229, 156, '董志强', '男', '15735860710', 2015, 313, '山西大同大学环境设计', '否', '3', 1, 1566177452, 1566351204),
(230, 160, '穆先如', '男', '15203587273', 2015, 349, '大连理工大学 城市学院  环境设计', '否', '3', 1, 1566177474, 1566181001),
(231, 169, '郝晓嘉', '女', '13293588593', 2016, 314, '河北传媒学院 广播电视编导', '否', '', 1, 1566177888, 1566205115),
(232, 2014, '杨怀宇', '男', '13935828306', 2014, 361, '山西工商学院人力资源管理', '是', '6', 1, 1566178183, 1566350598),
(233, 2014, '陈东', '男', '15835841774', 2014, 437, '山西能源学院-金融工程', '否', '152班4', 1, 1566178315, 1566783435),
(234, 164, '梁志海', '男', '18435880439', 2015, 368, '山西工商学院  计算机科学与技术', '否', '3', 1, 1566178808, 1566182422),
(235, 165, '张益', '男', '15525804280', 2015, 371, '大连东软信息学院-医疗产品管理', '是', '3', 1, 1566178820, 1566351594),
(237, 167, '郭启慧', '女', '15234846998', 2016, 387, '广东海洋大学舞蹈编导', '是', '3', 1, 1566179169, 1566180574),
(238, 169, '王威童', '男', '18503582433', 2016, 432, '太原科技大学晋城校区，材料科学与工程专业', '否', '', 1, 1566179430, 1566183530),
(239, 158, '石洋', '男', '13834748730', 2016, 345, '山西建筑职业技术学院', '是', '6', 1, 1566179699, 1566786707),
(240, 172, '李承霖', '男', '15935835896', 2016, 440, '太原学院土木工程', '否', '', 1, 1566179971, 1566357655),
(241, 170, '孟捷如', '女', '15536480228', 2016, 399, '青岛理工大学琴岛学院计算机类', '否', '', 1, 1566180173, 1566180813),
(242, 170, '武靖臻', '女', '18703586216', 2016, 320, '晋中师范高等专科学校  学前教育', '否', '', 1, 1566180176, 1566808755),
(243, 161, '刘兴攀', '男', '17535800004', 2015, 361, '云南师范大学商学院', '否', '3', 1, 1566180471, 1566203221),
(244, 2019, '赵茂隆', '男', '18534481580', 2016, 462, '山西大同大学-计算机科学与技术', '否', '', 1, 1566180715, 1566182478),
(245, 161, '郝志强', '男', '15534377029', 2015, 374, '山西中北大学信息商务学院-网络工程', '否', '3', 1, 1566181209, 1566203643),
(255, 175, '任世林', '女', '18335842163', 2016, 404, '晋中师范高等专科学校-学前教育', '否', '', 1, 1566186861, 1566808892),
(248, 169, '高鹏翔', '男', '13103582363', 2016, 431, '山西财经大学中德学院金融学', '是', '', 2, 1566182534, 1566182534),
(249, 172, '田欣忠', '男', '15834224182', 2016, 287, '太原科技大学华科学院', '是', '3', 1, 1566182887, 1566182923),
(314, 170, '武靖凯', '男', '13623692486', 2016, 302, '辽宁轨道交通职业学院   数控技术', '是', '3', 1, 1566357391, 1566546965),
(250, 2014, '魏浩天', '男', '18535859847', 2014, 417, '华北电力大学科技学院', '是', '145+16', 1, 1566183324, 1566202575),
(251, 175, '张烨', '男', '13111186989', 2016, 403, '河北轨道运输职业技术学院铁道供电技术', '否', '3', 1, 1566183929, 1566352684),
(252, 172, '李倩', '女', '13753816187', 2016, 343, '山西师范大学临汾学院 学前教育', '否', '', 1, 1566184250, 1566808057),
(253, 158, '梁意茹', '女', '13720933878', 2015, 480, '山西工程技术学院', '是', '6', 1, 1566184567, 1566805984),
(254, 175, '陈美蓉', '女', '15935171513', 2016, 426, '天津电子信息职业技术学院-移动应用开发', '否', '', 1, 1566186363, 1566955376),
(256, 163, '田建亮', '男', '13935844326', 2016, 359, '中北信息商务  材料工程', '否', '3', 1, 1566189039, 1566206611),
(257, 174, '辛玲', '女', '15603587389', 2016, 318, '山西工程职业学院，会计专业', '否', '', 1, 1566189305, 1566982097),
(315, 172, '杜继开', '男', '18534877063', 2016, 307, '山西交通职业技术学院-新能源的运用与维修', '否', '', 1, 1566359214, 1566375496),
(258, 174, '闫兰兰', '女', '18334804873', 2016, 356, '山西师范大学临汾学院-学前教育', '是', '3', 1, 1566190170, 1566806490),
(259, 173, '张飚', '男', '15582083339', 2016, 299, '山西华澳商贸职业学院 大数据技术与应用', '是', '3', 1, 1566190222, 1566783043),
(260, 174, '靳宇浩', '男', '15525752980', 2016, 391, '山东英才学院，计算机信息管理 ', '否', '', 1, 1566190271, 1566461488),
(261, 2019, '王贝贝', '女', '13935808300', 2016, 404, '山西财经大学华商学院商务英语', '否', '', 1, 1566193138, 1566204109),
(262, 175, '宋晶晶', '女', '18534482884', 2016, 368, '天津机电职业技术学院物流管理', '是', '3', 1, 1566193870, 1566810388),
(263, 175, '李磊磊', '男', '18635820021', 2016, 403, '天津电子信息职业学院-建筑设计', '是', '3', 1, 1566194437, 1566957627),
(264, 171, '任燕宇', '女', '18234891241', 2016, 388, '太原学院学前教育专业', '否', '无', 1, 1566195112, 1566376619),
(265, 175, '王梦冉', '女', '18435886787', 2016, 393, '山东商务职业学院，学前教育', '否', '', 1, 1566195489, 1566961911),
(266, 167, '张倩妮', '女', '15535885011', 2016, 338, '山西卫生健康职业学院-护理专业', '否', '', 1, 1566196648, 1566784364),
(267, 170, '李佩静', '女', '18534885670', 2016, 334, '山东现代学院   学前教育专业', '是', '3', 1, 1566198072, 1566377327),
(268, 170, '马旭敏', '女', '15735823158', 2016, 285, '山东现代   护理', '否', '', 1, 1566198084, 1566376865),
(269, 174, '刘满江', '女', '13453892605', 2016, 366, '长沙师范学院舞蹈学', '是', '3', 1, 1566203063, 1566203787),
(271, 155, '陈琼', '女', '17535805643', 2015, 422, '山西能源学院-建筑环境与能源应用工程', '否', '', 1, 1566203676, 1566204145),
(273, 169, '赵庭璋', '男', '15525792299', 2016, 308, '西安交通工程学院 工程测量专业', '否', '', 1, 1566204417, 1566377982),
(274, 169, '薛超程', '男', '13152781812', 2016, 401, '九州职业技术学院-空中乘务', '否', '', 1, 1566204873, 1566205107),
(275, 177, '栗冉', '女', '18335832947', 2016, 386, '德州科技职业学院-会计', '否', '', 1, 1566204967, 1566352825),
(276, 177, '那馨月', '女', '18235844196', 2016, 477, '德州科技职业学院- 会计', '否', '', 1, 1566204971, 1566352869),
(277, 2019, '霍榕颖', '女', '15035392288', 2016, 434, '北京交通大学海滨学院', '否', '', 1, 1566205259, 1566205275),
(278, 170, '孙彩鸿', '女', '13753815624', 2016, 354, '德州科技职业学院 动漫制作技术', '否', '', 1, 1566205392, 1566291730),
(279, 2014, '张晋恺', '男', '15703483398', 2014, 440, '太原科技大学晋城校区焊接技术与工程专业', '否', '145+6', 1, 1566205400, 1566205548),
(280, 177, '杨郁蕊', '女', '18735859569', 2016, 389, '德州科技职业学院会计', '否', '', 1, 1566207123, 1566354749),
(281, 153, '杨书佳', '女', '17835264841', 2015, 381, '荆楚理工学院   口腔医学', '是', '6', 1, 1566207365, 1566378466),
(282, 172, '张馨月', '女', '15834220469', 2016, 357, '山西工商学院会计学专业', '否', '', 1, 1566207411, 1566207426),
(283, 178, '郭茜芸', '女', '15735856617', 2016, 396, '德州科技职业学院  会计', '否', '', 1, 1566215616, 1566351332),
(284, 165, '任廷照', '男', '18235844717', 2014, 462, '河北轨道职业技术学院', '否', '3', 1, 1566220452, 1566378651),
(285, 173, '杨明灏', '男', '18234356530', 2016, 0, '山西工程职业技术学院', '是', '3', 1, 1566228302, 1566376163),
(286, 163, '李咸钢', '男', '13453810425', 2015, 362, '晋中学院 体育教育', '否', '3', 1, 1566263490, 1566805702),
(287, 169, '梁晓磊', '男', '15234887412', 2016, 350, '哈尔滨铁道职业技术学院 铁道工程技术', '是', '', 2, 1566265827, 1566265827),
(288, 175, '王颖', '女', '19937506380', 2016, 451, '河南经贸职业学校   电子商务', '是', '3', 1, 1566267942, 1566955282),
(289, 167, '刘源骐', '男', '13593406423', 2016, 388, '陕西国防工业职业技术学院-机械制造与自动化', '否', '', 1, 1566271483, 1566351263),
(290, 174, '魏庆玲', '女', '18434168235', 2016, 337, '山西卫生健康职业学院  助产', '否', '', 1, 1566275763, 1566810541),
(291, 169, '王威达', '男', '15835894854', 2016, 306, '哈尔滨铁道职业技术学院  地下与隧道工程技术', '否', '', 1, 1566281458, 1566805610),
(292, 178, '贾琪瑞', '男', '18234854958', 2016, 394, '河北轨道运输职业学院-城市轨道交通车辆技术', '否', '', 1, 1566282314, 1566357680),
(293, 177, '杜杰', '男', '18335877199', 2016, 359, '山西水利职业技术学院电气自动化技术专业', '否', '', 1, 1566289638, 1566379980),
(294, 175, '任晨阳', '女', '18635816196', 2016, 403, '运城护理职业学院-护理', '是', '全补10', 1, 1566290531, 1567586110),
(295, 178, '武志健', '男', '17835271211', 2016, 410, '天津机电职业技术学院—机械制造与自动化', '否', '', 1, 1566293893, 1566352526),
(296, 177, '辛雨', '女', '15935830716', 2016, 394, '晋中师范高等专科学校  小学教育', '是', '3', 1, 1566295618, 1566957364),
(297, 168, '梁贵龙', '男', '13935808265', 2016, 276, '山西电力职业技术学院-供用电技术', '否', '', 1, 1566297298, 1567390655),
(298, 156, '李亚楠', '女', '18103580924', 2016, 252, '聊城大学东昌学院-音乐表演', '是', '6', 1, 1566299239, 1566787327),
(299, 176, '续小林', '女', '18735854430', 2016, 438, '晋中师范高等专科学校—小学教育', '是', '全补10', 1, 1566299479, 1566957284),
(300, 178, '宋文丹', '女', '18235804113', 2016, 259, '太原学院（音乐教育）', '是', '3', 1, 1566310031, 1566786163),
(301, 174, '王一博', '男', '18234888457', 2016, 0, '山西工程职业技术学院—智能控制', '是', '3', 1, 1566310305, 1566377111),
(302, 173, '郭禹军', '男', '13653489412', 2016, 0, '山西省交通职业技术学院新能源汽车运用与维修', '否', '', 1, 1566312279, 1566783199),
(303, 173, '郭帅帅', '男', '17636173101', 2016, 309, '山东德州科技学院-电子商务', '否', '', 1, 1566312624, 1566380303),
(304, 167, '马榕霞', '女', '13453825208', 2016, 331, '天津轻工职业技术学院-工商企业管理', '否', '', 1, 1566351550, 1566353522),
(305, 171, '王丽妹', '女', '16634479412', 2016, 419, '吕梁学院-食品科学与工程', '是', '3', 1, 1566351872, 1566351954),
(306, 167, '王长超', '男', '18735815868', 2016, 338, '山西经贸职业学院 计算机网络技术', '否', '', 1, 1566352401, 1566353016),
(307, 172, '任晓婷', '女', '18534483793', 2016, 361, '太原学院-数学教育（专科）', '否', '', 1, 1566352839, 1566354188),
(308, 172, '段乔静', '女', '15735861215', 2016, 0, '山西华澳商贸职业学院-电子商务', '否', '', 1, 1566352841, 1566354295),
(309, 176, '田耀中', '男', '17635861760', 2016, 359, '江苏工程职业技术学院-无人机应用技术', '是', '3', 1, 1566353723, 1566355723),
(310, 154, '姚金廷', '男', '13080387138', 2015, 414, '南京航空航天大学金城学院-计算机科学与技术', '否', '3', 1, 1566353747, 1566354149),
(311, 155, '任静', '女', '15525834383', 2015, 419, '石家庄邮电职业技术学院    财务会计', '否', '3', 1, 1566354053, 1566354370),
(312, 172, '高晋源', '男', '18334844639', 2016, 269, '天津海运职业学院', '否', '', 1, 1566354370, 1566355022),
(313, 176, '董紫君', '女', '15035379819', 2016, 414, '太原工商学院 会计学', '否', '', 1, 1566356582, 1566356737),
(316, 2019, '石尚磊', '男', '18634488123', 2016, 447, '太原科技大学晋城校区－数字媒体技术', '否', '', 1, 1566362205, 1566378548),
(317, 171, '任雨舒', '女', '15735860313', 2016, 321, '山西财贸职业技术学院---会计系', '否', '171班', 1, 1566363691, 1566808251),
(318, 175, '张陈艺', '男', '18235836131', 2016, 480, '拉萨师范高等专科学校--语文教育', '否', '', 2, 1566368117, 1566368117),
(319, 171, '张鸣钊', '男', '13935814838', 2016, 330, '山西华澳商贸职业学院-电子商务', '否', '', 1, 1566368435, 1566381140),
(320, 172, '胡超', '男', '13233587881', 2016, 299, '陕西服装工程学院计算机网络技术', '否', '', 1, 1566369906, 1566379113),
(321, 171, '任晋明', '男', '15234848248', 2016, 298, '山西工程职业学院 电气自动化', '否', '', 1, 1566369972, 1566807920),
(322, 176, '王艺潮', '女', '13294652884', 2016, 291, '陕西服装工程学院', '否', '', 1, 1566371590, 1566375385),
(323, 177, '武辛龙', '男', '13934357525', 2016, 421, '山西华澳商贸职业学院  物联网应用技术', '是', '3', 1, 1566373543, 1566381027),
(324, 171, '苗孝梅', '女', '15035397971', 2016, 297, '山西财贸职业技术学院-会计专业', '否', '', 1, 1566374168, 1566808209),
(325, 171, '田振志', '男', '15698683837', 2016, 342, '长沙民政职业技术学院-康复治疗技术', '否', '', 1, 1566374545, 1566378107),
(326, 153, '张佳欣', '女', '15534364059', 2014, 377, '荆楚理工学院口腔医学', '是', '6', 1, 1566375453, 1566378378),
(327, 176, '张美娜', '女', '17735857017', 2016, 440, '太原理工大学现代科技学院市场营销专业', '否', '', 1, 1566375825, 1566376571),
(328, 170, '武宇腾', '男', '15735413332', 2016, 420, '山西能源学院', '否', '', 1, 1566375958, 1566376279),
(329, 174, '梁佳敏', '女', '13653489874', 2016, 0, '山西工程职业学院-智能控制', '否', '单招', 1, 1566376108, 1566376504),
(330, 174, '王蓉蓉', '女', '15035827696', 2016, 0, '山西工程职业学院-旅游英语', '是', '单招', 2, 1566376380, 1566376380),
(331, 177, '郑小咏', '女', '18334817636', 2016, 451, '中原工学院信息商务学院-会计', '否', '', 1, 1566376874, 1566377184),
(332, 177, '郝彬宇', '女', '13834748165', 2016, 414, '运城幼儿师范高等专科学校-学前教育', '否', '', 1, 1566379101, 1566782708),
(333, 171, '薛泽涛', '男', '18235880758', 2016, 320, '陕西服装工程学院-服装与服饰设计\n', '否', '', 1, 1566379157, 1566379388),
(334, 174, '田淑芳', '女', '18935175857', 2016, 318, '山西师范临汾学院体育保健与康复', '否', '', 1, 1566379233, 1566782497),
(335, 167, '王越琳', '女', '18035854589', 2016, 330, '山西省师范大学临汾学院-体育保健与康复', '是', '3', 1, 1566379262, 1566782206),
(336, 167, '师慧敏', '女', '18434154652', 2016, 358, '山西工商学院-会计学', '是', '3', 1, 1566379950, 1566382661),
(337, 153, '武月书', '男', '15535861689', 2015, 319, '山西经贸职业学院     自动化生产设备应用', '是', '6', 1, 1566380317, 1566380505),
(338, 153, '邵暄凯', '男', '15835176189', 2015, 346, '吉林医药学院    医学影像技术', '是', '6', 1, 1566380667, 1566382239),
(339, 159, '卫晓莉', '女', '13111187629', 2015, 462, '闽南科技学院—应用心理学', '否', '3', 1, 1566381043, 1566783678),
(342, 173, '赵中维', '男', '18534885059', 2016, 293, '天津商务职业学院-移动应用', '是', '3', 1, 1566386514, 1566955768),
(341, 165, '张航瑀', '男', '15525848678', 2015, 447, '中北大学信息商务学院', '否', '3', 1, 1566382690, 1566382878),
(343, 178, '杨晓瑜', '女', '13720933788', 2016, 316, '运城幼儿师范高等专科学校-舞蹈教育', '否', '', 1, 1566388441, 1566805890),
(344, 174, '梁慧玲', '女', '18135427477', 2016, 363, '山西职业技术学院  会计', '否', '', 1, 1566399596, 1566785122),
(345, 159, '张馨方', '女', '18636429159', 2015, 425, '中北大学信息商务学院-工商管理', '否', '3', 1, 1566436383, 1566783556),
(346, 171, '贺杨莉', '女', '15535870877', 2016, 346, '山西卫生健康职业学院护理系', '否', '', 1, 1566437609, 1566810219),
(347, 171, '任晓娟', '女', '17635836958', 2016, 332, '山西卫生健康职业学院-口腔医学技术', '是', '3', 1, 1566437931, 1566784156),
(348, 175, '张义骁', '男', '18613586883', 2016, 0, '山西交通职业技术学院新能源汽车运用与维修', '否', '', 1, 1566440618, 1566548679),
(349, 175, '郭亚男', '女', '18536151710', 2016, 206, '山东华宇工学院工程造价', '否', '', 1, 1566460032, 1566467294),
(350, 173, '李青霞', '女', '15525837344', 2016, 366, '山西财贸职业技术学院-广告设计与制作', '否', '', 1, 1566461137, 1566785178),
(351, 178, '任慧芝', '女', '15035394277', 2016, 379, '山西警察學院  文秘', '否', '', 1, 1566467614, 1566897613),
(352, 178, '梁敬涓', '女', '15534349394', 2016, 362, '天津城市职业学院——商务英语', '是', '3', 1, 1566470610, 1566784471),
(353, 173, '陈凯', '男', '18235857798', 2016, 344, '陕西铁路工程职业技术学院-地下与隧道工程技术（盾构施工）', '否', '', 1, 1566473260, 1566786342),
(354, 173, '陈楠', '女', '18635885456', 2016, 367, '山西财政税务专科学校  计算机应用技术', '是', '3', 1, 1566474554, 1566783783),
(355, 161, '白寿胤', '男', '13623584010', 2015, 366, '天津现代职业技术学院无人机', '否', '3', 1, 1566474864, 1566786260),
(356, 169, '那欣', '女', '15534313648', 2016, 295, '山西师范大学临汾学院科学', '否', '', 1, 1566481905, 1566805769),
(357, 178, '李宇', '女', '15835872495', 2016, 346, '山西财贸职业技术学院会计', '是', '3', 1, 1566482635, 1566784522),
(358, 174, '范毅荣', '男', '15525780337', 2016, 284, '太原城市职业技术学院-机电一体化', '否', '', 1, 1566483310, 1566979943),
(359, 169, '任亚楠', '女', '13283671828', 2016, 247, '山西经贸职业学院电子信息工程技术', '否', '', 1, 1566486053, 1566809262),
(360, 165, '吴雨洁', '女', '15535848046', 2015, 419, '山西工商学院-学前教育', '是', '6', 1, 1566524966, 1566808503),
(361, 176, '张晋雷', '男', '18634345957', 2016, 351, '天津职业城市学院–会计', '否', '', 1, 1566527304, 1566527329),
(362, 168, '任美如', '女', '15234875146', 2016, 282, '江苏医药职业学院康复治疗专业', '否', '', 1, 1566527659, 1566960307),
(363, 177, '庞卫钰', '女', '15535851300', 2016, 332, '临汾职业技术学院-护理', '否', '', 1, 1566531601, 1566790391),
(364, 177, '任静雯', '女', '18534876169', 2016, 329, '常德职业技术学院--护理', '否', '', 1, 1566532377, 1566790436),
(365, 177, '张戈', '女', '18635843538', 2016, 394, '河北传媒学院播音与主持艺术', '否', '', 1, 1566538778, 1568514489),
(366, 174, '李亚鹏', '男', '15935868465', 2016, 315, '天津城市职业学院—机电一体化', '否', '', 1, 1566546675, 1566547336),
(367, 175, '赵中青', '男', '15340671255', 2016, 295, '山西经贸职业技术学院-计算机网络技术', '否', '', 1, 1566546677, 1566547209),
(368, 178, '郑晓鑫', '男', '19834585498', 2016, 383, '天津机电职业技术学院-电子商务', '是', '3', 1, 1566547181, 1566806060),
(369, 176, '潘星月', '女', '15035392701', 2016, 423, '石家庄铁路职业技术学院-铁道通信与信息化技术', '否', '', 1, 1566547293, 1566806545),
(370, 177, '武华能', '男', '13753875749', 2016, 419, '枣庄职业学院-口腔医学', '否', '', 1, 1566548220, 1566784611),
(371, 177, '邢悦', '女', '15035827106', 2016, 378, '枣庄职业学院-口腔医学', '是', '3', 1, 1566548220, 1566784235),
(372, 174, '雷晋博', '男', '15834344220', 2016, 191, '山西财贸技术学院酒店管理', '否', '', 1, 1566549682, 1566549784),
(373, 173, '李霞', '女', '13453871934', 2016, 292, '山西警察学院    法律事务专业', '是', '3', 1, 1566557859, 1566781832),
(374, 169, '梁晓敏', '女', '18635809814', 2016, 293, '运城师范高等专科学校音乐表演', '否', '', 1, 1566560022, 1566784665),
(375, 173, '李文亮', '男', '18234883517', 2016, 393, '天津职业大学，眼视光技术', '否', '。', 1, 1566570707, 1566955780),
(376, 168, '陶有洁', '女', '19934962080', 2016, 328, '武汉商学院烹饪工艺与营养', '否', '', 1, 1566574592, 1566785816),
(377, 170, '张皓栋', '男', '18535854320', 2016, 365, '天津电子信息职业技术学院-会记', '否', '', 1, 1566583195, 1566807637),
(378, 170, '冯筠倩', '女', '18534891718', 2016, 0, '山西旅游职业学院，中西面点工艺', '是', '3', 1, 1566586817, 1566783936),
(379, 165, '何建彬', '男', '18649584286', 2015, 424, '山西财政税务专科学校-税务', '否', '4', 1, 1566606064, 1566808594),
(380, 178, '任美琴', '女', '15735427218', 2016, 297, '运城幼儿师范高等专科学校——学前教育', '是', '3', 1, 1566616133, 1566785610),
(381, 168, '杜丽壮', '女', '15536411889', 2016, 304, '山西师范大学临汾学院-学前教育', '否', '', 1, 1566635171, 1566786020),
(382, 168, '刘一慧', '女', '17835681019', 2016, 296, '山西师范大学临汾学院-空中乘务', '否', '', 1, 1566635365, 1566785865),
(383, 168, '赵娟研', '女', '17535851597', 2016, 310, '山西药科职业学院-药学', '否', '', 1, 1566635688, 1566786030),
(384, 167, '冯少华', '女', '15835162779', 2016, 413, '复读', '否', '', 2, 1566636031, 1566636031),
(385, 178, '郭爱爱', '女', '18334832399', 2016, 427, '山西医科大学汾阳学院一药品经营与管理', '是', '3', 1, 1566640058, 1566784958),
(386, 173, '郭炳岐', '男', '13593377403', 2016, 359, '山西药科职业学院-医疗器械维修与管理', '否', '', 1, 1566640829, 1566786382),
(387, 173, '胡圳山', '男', '13033473697', 2016, 272, '徐州工业职业技术学院-信息与电气工程学院-电气自动化技术', '否', '', 1, 1566642728, 1566806136),
(388, 164, '李安彬', '男', '18335800510', 2016, 377, '廊坊卫生职业学院—口腔医学', '否', '4', 1, 1566644565, 1566810091),
(389, 158, '刘晓雪', '女', '15635855395', 2015, 476, '山西大学商务学院--汉语言文学', '否', '', 1, 1566651514, 1566785754),
(390, 172, '杨翯', '女', '18234892717', 2015, 381, '天津电子信息职业技术学院-会计', '是', '6', 1, 1566655328, 1566786788),
(391, 168, '潘行梁', '男', '18635874366', 2016, 241, '厦门海洋职业技术学院数字媒体应用技术', '否', '', 1, 1566657667, 1566787031),
(392, 173, '武壮壮', '男', '18234328041', 2016, 315, '武汉城市职业学院-机械设计制造类', '否', '8月26日去学校转', 1, 1566687884, 1566782917),
(393, 176, '霍柏宇', '男', '15582485450', 2016, 348, '日照职业技术学院新能源汽车技术', '否', '', 1, 1566691703, 1566786460),
(394, 155, '程婉婷', '女', '17735850418', 2015, 391, '江西服装学院-服装设计与工艺', '否', '3', 1, 1566696266, 1566787209),
(395, 169, '降晨宇', '女', '18634752896', 2016, 271, '运城幼儿师范高等专科学校---学前教育', '否', '', 1, 1566712862, 1566784714),
(396, 176, '刘一澎', '男', '18135272908', 2016, 333, '山西警官职业学院-刑事执行', '否', '', 1, 1566714836, 1566788315),
(397, 178, '张云丽', '女', '13720904264', 2016, 304, '山西省财贸职业技术学院-会计', '是', '3', 1, 1566717824, 1566784800),
(398, 177, '马妮', '女', '15635802822', 2016, 448, '晋中师范高等专科学校-学前教育', '是', '3', 1, 1566722820, 1566957522),
(399, 173, '郝鹏飞', '男', '18535864589', 2016, 337, '山西建筑职业技术学院-大数据', '是', '3', 1, 1566731077, 1566806305),
(400, 172, '温嘉诺', '男', '15582087268', 2016, 284, '天津商务职业学院-国际商务实物', '否', '', 1, 1566731253, 1566787424),
(401, 172, '段世豪', '男', '13327541930', 2016, 253, '晋中职业技术学院-电子信息工程', '是', '3', 1, 1566732837, 1566809404),
(402, 155, '李文毓', '女', '18334876708', 2015, 447, '山西医科大汾阳学院护理系', '否', '4', 1, 1566734705, 1566805458),
(403, 174, '乔恩惠', '女', '15234847929', 2016, 306, '运城职业技术学院―物流管理', '否', '', 1, 1566735213, 1566785009),
(404, 177, '刘周全', '男', '15536405621', 2016, 225, '石家庄理工职业学院--铁道机车', '否', '', 1, 1566735259, 1566786504),
(405, 176, '李卓芃', '女', '18335816570', 2016, 277, '黑龙江护理高等专科学校—口腔护理', '否', '', 1, 1566752855, 1566787076),
(406, 174, '秦仲岐', '男', '15534303785', 2016, 363, '中北大学信息商务学院       机械设计制造及其自动化', '否', '', 1, 1566780726, 1566985715),
(407, 169, '张盛筠', '男', '15035340500', 2016, 238, '常州工业职业技术学院    机械制造与设计', '否', '', 1, 1566781686, 1566781960),
(408, 174, '靳恩浩', '男', '18334844108', 2016, 256, '山西工程职业技术学院新能源汽车技术', '否', '', 1, 1566782632, 1567390079),
(409, 173, '任艳茹', '女', '16634494187', 2016, 295, '太原幼儿师范高等专科学校—学前教育', '是', '3', 1, 1566783279, 1566784893),
(410, 173, '叶松林', '男', '15135869255', 2016, 217, '山西旅游职业学院 空乘', '是', '3', 1, 1566783451, 1566785304),
(411, 153, '任建琳', '女', '18535899116', 2015, 413, '汾阳学院-护理', '否', '3', 1, 1566783715, 1566985967),
(412, 168, '武华锋', '男', '13453823917', 2016, 331, '常州信息职业技术学院电子信息工程技术', '否', '', 1, 1566786202, 1566787033),
(413, 155, '赵君艳', '女', '15935189229', 2016, 367, '大同师范高等专科学校-学前教育', '否', '3', 1, 1566787328, 1566788993),
(414, 172, '陆宏儒', '男', '13546258071', 2016, 251, '西安海棠职业学院-康复治疗技术', '否', '', 1, 1566787497, 1566787528),
(415, 178, '王伟杰', '男', '18834271236', 2016, 300, '吉林警察学院-计算机应用技术', '否', '', 1, 1566787570, 1566787591),
(416, 177, '王柏林', '男', '15935099535', 2016, 400, '江苏城市职业学院', '否', '1', 1, 1566787795, 1566787852),
(417, 171, '苏金慧', '女', '18666427889', 2016, 391, '太原科技大学华科学院经济管理系电子商务专业', '否', '', 1, 1566789430, 1566809628),
(418, 175, '杨浩田', '男', '15534376777', 2016, 459, '中山大学南方学院 新闻学', '否', '1', 1, 1566789713, 1566789775),
(419, 174, '李天悦', '女', '13753870529', 2016, 277, '山西工程职业技术学院－会计', '否', '', 1, 1566796866, 1567390096),
(420, 172, '王亚思', '女', '13546296240', 2016, 344, '晋中师范高等专科学校---学前教育', '否', '', 1, 1566800833, 1566809085),
(421, 172, '高思甜', '女', '18234892553', 2016, 339, '晋中师范高等专科学校', '否', '', 1, 1566801025, 1566808950),
(422, 160, '蔡文贵', '男', '17603489886', 2015, 393, '哈尔滨铁道职业技术学院-铁道机车', '否', '6', 1, 1566803982, 1566804432),
(423, 172, '赵厚骅', '男', '15035821979', 2016, 311, '山西工程职业技术学院-计算机网络技术', '否', '', 1, 1566805162, 1566807067),
(424, 2014, '任倩', '女', '13643589649', 2014, 259, '山西医科大学晋祠学院   护理专业', '否', '2014级142班6', 1, 1566806273, 1566806610),
(425, 174, '武欣皞', '男', '18234888270', 2016, 292, '山西工程职业学院    机电一体化', '是', '3', 1, 1566806830, 1566807270),
(426, 155, '张白水', '男', '15525830636', 2015, 316, '山西工程职业技术学院工程测量技术', '否', '3', 1, 1566806863, 1566806912),
(427, 155, '张凯', '男', '15525785507', 2015, 323, '苏州工业职业技术学院-机械制造与自动化', '否', '3', 1, 1566806876, 1566806914),
(428, 170, '王晋杰', '男', '15383484163', 2016, 396, '淄博职业学院 电气自动化', '否', '', 1, 1566807450, 1566807783),
(429, 170, '任磊', '男', '15698680013', 2016, 296, '黑龙江交通职业技术学院   铁道车辆', '否', '', 1, 1566807451, 1566807742),
(430, 172, '田卦英', '女', '18234835667', 2016, 0, '山西华澳商贸职业学院建筑室内设计', '否', '', 1, 1566808193, 1566808268),
(431, 165, '史岳功', '男', '17535814324', 2015, 436, '吕梁学院 体育教育', '否', '4', 1, 1566808197, 1566959255),
(432, 173, '张伟鹏', '男', '18335816370', 2016, 269, '山西工程职业学院  计算机网络技术', '是', '3', 1, 1566808344, 1566957197),
(433, 170, '矦海靖', '女', '18435880933', 2016, 307, '山西卫生健康职业学院', '否', '', 1, 1566808943, 1566809036),
(434, 172, '宋思锐', '女', '15234889495', 2016, 0, '山西华澳商业职业学院-建筑室内设计', '否', '', 1, 1566809065, 1566809111),
(435, 170, '刘权毅', '男', '18634489238', 2016, 337, '上海电子信息职业技术学院    数控技术\n', '否', '', 1, 1566809194, 1566809292),
(436, 163, '赵小龙', '男', '17603480018', 2015, 328, '山西大同大学—视觉传达设计', '是', '全补10', 1, 1566809309, 1567389811),
(437, 177, '武学腾', '男', '18535883852', 2016, 427, '山西师范大学体育学院 体育教育', '否', '', 1, 1566809331, 1566809492),
(438, 169, '王亚楠', '女', '17535824720', 2016, 405, '南阳理工学院 播音主持专业', '否', '', 1, 1566809400, 1566809457),
(439, 171, '王悦', '女', '13485429058', 2016, 278, '湖北生物科技职业学院  食品营养与检测', '否', '', 1, 1566809786, 1566809805),
(440, 176, '段坤', '女', '15803589269', 2016, 453, '山西财经大学华商学院', '否', '', 1, 1566809813, 1566809840),
(441, 173, '张晓敏', '女', '15513585581', 2016, 334, '晋中师范高等专科院校', '否', '', 1, 1566809962, 1566954964),
(442, 171, '郝振凯', '男', '13935855555', 2016, 406, '山西财经大学华商学院会计', '是', '3', 1, 1566810546, 1566810580),
(456, 168, '杨浩田', '男', '18003588989', 2016, 300, '中山大学南山学院文学与传媒学院-新闻学', '否', '', 1, 1566873990, 1566874014),
(444, 169, '王妍', '女', '15235848180', 2016, 326, '山西职业技术学院建筑装饰系建筑室内设计专业', '否', '', 1, 1566810725, 1566810774),
(445, 167, '王占益', '男', '18434971494', 2016, 358, '山西财政税务专科学校软件设计', '是', '4', 1, 1566811630, 1566811659),
(446, 167, '刘星江', '男', '17535887021', 2016, 378, '湖北生态工程职业技术学院室内设计专业', '否', '', 1, 1566811744, 1566811764),
(447, 175, '师磊', '女', '18334879232', 2016, 393, '晋中师范高等专科学校，专业语文教育', '否', '1', 1, 1566813500, 1567387728),
(448, 171, '车起攀', '男', '15635826695', 2016, 297, '山西工程职业学院-软件技术', '是', '3', 1, 1566814227, 1566955605),
(449, 171, '崔金可', '男', '17635460523', 2016, 329, '山西工程职业学院-软件技术', '是', '3', 1, 1566814639, 1566982067),
(450, 168, '霍丽月', '女', '15835800403', 2016, 333, '晋中师范高等专科学校—学前教育', '否', '', 1, 1566815894, 1566873409),
(451, 173, '褚金娟', '女', '17835295818', 2016, 322, '山西师范大学临汾学院—英语教育', '否', '', 1, 1566818514, 1566954882),
(452, 171, '郑月盛', '男', '17535851749', 2016, 224, '山西电力职业学院电力工程系供用电技术', '否', '', 1, 1566821979, 1566957709),
(453, 173, '薛鸿宇', '男', '18434150804', 2016, 313, '山西职业技术学院电气自动化', '否', '', 2, 1566871540, 1567324491),
(454, 168, '高彤彤', '男', '18334875396', 2016, 311, '天津商务职业学院—软件技术', '否', '', 1, 1566871805, 1566897589),
(455, 168, '马淑静', '女', '18235879059', 2016, 328, '山西财贸职业技术学院  会计', '否', '', 1, 1566873509, 1566873690),
(457, 176, '辛婧宇', '女', '18534774220', 2016, 445, '山西财政税务专科学校\n会计', '否', '不知道团员证在不在', 1, 1566893715, 1566984031),
(458, 174, '乔羽', '女', '18335804219', 2016, 382, '晋中师范高等专科学校英语教育', '否', '', 1, 1566895538, 1566956496),
(459, 168, '李钰婷', '女', '18234879536', 2016, 320, '晋中师范高等专科学校－学前教育', '否', '', 1, 1566897166, 1566897584),
(460, 168, '李嘉乐', '女', '15735875538', 2016, 345, '运城幼儿高等师范专科—学前教育', '否', '', 1, 1566897169, 1566897579),
(461, 168, '吴承翰', '男', '17835278152', 2016, 226, '运城师范高等专科学校   计算机系统与维护', '否', '当兵', 1, 1566897170, 1566897527),
(462, 2014, '韩世荣', '男', '18334832318', 2014, 426, '吕梁学院-电子信息工程', '否', '140+3', 1, 1566897831, 1568514682),
(463, 175, '田鑫', '女', '15735858998', 2016, 389, '山西工程职业学院建筑经济管理', '否', '', 1, 1566901790, 1566956162),
(464, 173, '王宇瑜', '女', '18435836103', 2016, 267, '运城护理职业学院  口腔医学技术', '否', '艺苑中学1', 1, 1566903990, 1566962004),
(465, 175, '雷颖菁', '女', '15835168612', 2016, 375, '山西省卫生健康职业学院—针灸推拿', '否', '', 1, 1566955243, 1566955468),
(466, 168, '郭星宇', '男', '18636444687', 2016, 247, '长治职业技术学院电气自动化技术', '否', '', 1, 1566956987, 1566956997),
(467, 175, '刘万荣', '男', '18435871651', 2016, 402, '武汉铁路职业技术学院_酒店管理', '否', '', 1, 1566957384, 1566957438),
(468, 169, '吴显耀', '男', '13934360158', 2016, 199, '山西体育职业学院休闲体育', '否', '补档案7', 1, 1566959714, 1567416558),
(469, 153, '罗碧莹', '女', '15635855597', 2015, 347, '山西财税专科学校', '是', '6', 1, 1566964452, 1566985935),
(470, 167, '付晋琳', '女', '18334805124', 2016, 338, '忻州师范学院数学教育', '否', '', 1, 1566964878, 1566983896),
(471, 170, '韩谨宇', '男', '17696209524', 2016, 201, '山西财贸职业技术学院—计算机网络技术', '否', '', 1, 1566965305, 1566979636),
(472, 167, '白茹宁', '女', '15234838642', 2016, 312, '济南幼儿师范高等专科学校-学前教育（师范类）', '否', '', 1, 1566966495, 1566981642),
(473, 167, '任妮', '女', '18334894684', 2016, 323, '晋中师范高等专科学校-学前教育', '否', '', 1, 1566968248, 1566981482),
(474, 165, '冯严卉', '女', '15935807479', 2014, 480, '河池学院—市场营销', '否', '3', 1, 1566979167, 1566979404),
(475, 178, '杨柳', '女', '18634680716', 2016, 305, '晋中师范高等专科学院—舞蹈教育', '否', '', 1, 1566979190, 1566979201),
(476, 171, '王龙旺', '男', '13293671354', 2016, 178, '当兵', '否', '当兵', 1, 1566980240, 1566980257),
(477, 161, '车婉如', '女', '18334851484', 2015, 346, '山西省财政税务专科学校_政府采购管理', '否', '3', 1, 1566980585, 1566980648),
(478, 2014, '任柯融', '女', '18334884571', 2014, 224, '襄阳职业技术学院～口腔医院', '否', '2013级124班9', 1, 1566980798, 1566980960),
(479, 174, '穆镁锴', '男', '18335854760', 2016, 321, '潞安职业技术学院-计算机系统与维护', '否', '', 1, 1566981978, 1566982330),
(480, 167, '任道鹏', '男', '15735826712', 2016, 344, '山西工程职业学院-煤炭深加工与利用', '是', '3', 1, 1566982800, 1566983103),
(481, 170, '孙殿祥', '男', '13333582745', 2016, 344, '华北理工大学迁安学院—机械制造与自动化', '否', '', 1, 1566982830, 1566982865),
(482, 167, '任道鸿', '男', '15735826716', 2016, 376, '武汉职业技术学院-电子信息', '是', '3', 1, 1566982837, 1566983106),
(483, 170, '秦一博', '男', '13546253922', 2016, 343, '山西卫生健康职业学院-医学检验', '否', '', 1, 1566982848, 1566982942),
(484, 176, '杨梦', '女', '15534314785', 2016, 203, '江西陶瓷工艺美术学院-陶瓷制作', '是', '3', 1, 1566982871, 1566983314),
(485, 153, '李恩州', '男', '17735853906', 2015, 390, '辽宁铁道职业技术学院-铁道工程', '否', '4', 1, 1566984865, 1566984954),
(486, 176, '乔家乐', '男', '18334817174', 2016, 376, '山西应用科技学院-食品质量与安全', '否', '', 1, 1566984867, 1566985161),
(487, 176, '霍立轩', '男', '15534302374', 2016, 240, '天津工业职业学院-电子信息工程技术', '否', '', 1, 1566985367, 1566985510),
(488, 169, '程振峰', '男', '15735818780', 2016, 363, '中北大学信息商务学院---机械设计制造及自动化', '否', '', 1, 1566985426, 1566985550),
(489, 169, '郝桓毅', '男', '13037086770', 2016, 315, '南通职业大学，商务日语', '是', '无', 2, 1567006110, 1567006110),
(490, 167, '李思慷', '男', '13333583439', 2016, 374, '扬州大学-声乐表演', '否', '', 1, 1567038801, 1567127593),
(491, 177, '王震', '男', '17835264322', 2016, 561, '山西工程职业技术学院轧钢工程技术', '否', '', 1, 1567065740, 1568626401),
(492, 174, '杜梦杰', '男', '18434960345', 2016, 266, '山西经贸职业学院-软件技术', '否', '', 1, 1567073151, 1567390058),
(493, 168, '武海博', '男', '18234335861', 2015, 409, '海泉学校', '是', '3', 1, 1567153459, 1567390641),
(494, 171, '郭鑫鑫', '男', '18135317288', 2016, 300, '广东轻工职业技术学院-智能终端技术与应用', '是', '3', 1, 1567153620, 1567153654),
(495, 173, '郝宁宁', '女', '18434988867', 2016, 342, '晋中师范高等专科学校-英语教育', '否', '9月2号前来【礼拜一】', 1, 1567215238, 1567387814),
(496, 172, '王姣方', '女', '18534868477', 2016, 343, '大庆师范学院视觉传达设计', '是', '', 2, 1567329065, 1567329065),
(497, 176, '王文博', '男', '18003584246', 2016, 198, '吕梁职业技术学院—室内设计', '否', '高三走了，无通知书', 1, 1567388942, 1567389652),
(498, 168, '李智', '男', '13994807922', 2016, 279, '山西工程职业技术学院电气自动化技术', '否', '', 1, 1567390570, 1567390648),
(499, 167, '温晓婧', '女', '18335872666', 2016, 347, '山西青年职业学院资产评估与管理', '否', '', 2, 1567400091, 1567400091),
(500, 176, '李慧源', '男', '18035884527', 2016, 305, '山西应用科技学院-美术专业', '否', '', 1, 1567402006, 1567419768),
(501, 177, '贺俪茹', '女', '15535872919', 2016, 288, '河北女子职业技术学院摄影测量与遥感技术', '否', '', 1, 1567409136, 1567409303),
(502, 175, '李锋', '男', '18535843311', 2016, 310, '山西警官学院 信息安全与管理', '否', '', 2, 1567413542, 1567413542),
(503, 171, '武鹏辉', '男', '15525849909', 2016, 218, '太原城市职业技术学院-建筑装饰工程技术', '是', '', 2, 1567413681, 1567413681),
(504, 176, '孙启浩', '男', '17635466228', 2016, 282, '西安翻译 新闻采编与制作', '否', '', 1, 1567419673, 1567419825);
INSERT INTO `tk_tuandata` (`id`, `class`, `sname`, `sex`, `phone`, `comeyear`, `score`, `college`, `tuanzheng`, `beizhu`, `status`, `creat_time`, `banli_time`) VALUES
(509, 171, '任思通', '男', '18974994971', 2016, 265, '山西交通职业技术学院-智能交通技术应用', '否', '', 1, 1567585653, 1567586603),
(506, 155, '严妍', '女', '15536481125', 2015, 368, '山西农业大学信息学院物联网工程', '否', '3', 1, 1567426806, 1567650276),
(507, 162, '张璇', '女', '15235884979', 2015, 330, '晋中师范高等专科学校—语文教育', '否', '', 2, 1567520436, 1567520436),
(508, 175, '刘子安', '男', '18435887613', 2016, 0, '山西建筑职业技术学院-道路桥梁设计', '是', '全补10', 1, 1567565045, 1570266370),
(510, 178, '许永鑫', '男', '15835837190', 2016, 348, '山西建筑职业技术学院–建筑装饰工程技术', '否', '', 1, 1567585942, 1567586262),
(511, 173, '张艺鹏', '男', '17635885352', 2016, 0, '山西经贸职业学院', '是', '3', 1, 1567585943, 1567586527),
(512, 173, '侯德源', '男', '15536411840', 2016, 222, '晋中职业技术学校电气自动化技术', '否', '', 1, 1567585963, 1567586421),
(513, 154, '田易昆', '男', '17696202372', 2015, 0, '山西大学商务学院 音乐表演', '是', '全补10', 1, 1567585970, 1568514555),
(514, 175, '田宇航', '男', '18234330417', 2016, 0, '山西建筑技术学院', '否', '先去学校再当兵', 1, 1567820240, 1567820680),
(515, 168, '张晋豪', '男', '18335840622', 2016, 169, '河北石家庄理工职业学院', '是', '3', 1, 1567827113, 1567827176),
(516, 160, '王安照', '男', '13453800926', 2015, 357, '当兵', '否', '3', 1, 1567998178, 1567998227),
(517, 172, '范锦禄', '男', '13111186307', 2016, 341, '荆门机械学院机电一体化', '是', '3', 1, 1568166606, 1568514791),
(518, 176, '文朝永', '男', '13934357331', 2016, 489, '运城学院 电子商务', '否', '', 1, 1568194240, 1568514524),
(519, 177, '陈兴耀', '男', '15534315146', 2016, 259, '山西省旅游职业学院', '否', '无', 1, 1568278031, 1568514419),
(520, 153, '薛懿馨', '女', '15035340952', 2015, 390, '太原理工大学现代文理学院轨道交通', '否', '3', 1, 1568537370, 1568537617),
(521, 171, '张旺青', '男', '13294651449', 2016, 289, '德州科技职业学院-飞机机电设备维修', '是', '3', 1, 1568771205, 1568771217),
(522, 166, '武靖奇', '男', '17822142561', 2016, 317, '天津电子信息职业技术学院', '是', '3', 1, 1568881347, 1568881357),
(523, 163, '孙超', '男', '15035342297', 2015, 495, '山西应用科技学院美术学院-视觉传达设计', '是', '6', 1, 1569377186, 1569377214),
(524, 175, '李佳宁', '女', '13546680303', 2016, 319, '山西建筑职业技术学院 给排水工程技术', '否', '', 1, 1569422757, 1570177624),
(525, 176, '温增皇', '男', '18835828671', 2016, 359, '山东华宇工学院-经济管理', '否', '', 1, 1570149618, 1570149686),
(526, 168, '杨子跃', '男', '17635897277', 2016, 169, '山西轻工职业技术学院_城市轨道交通机电技术', '否', '', 1, 1570156505, 1570156545),
(527, 174, '姜跃云', '男', '18835850265', 2016, 298, '山西太原旅游职业学院-中西餐面点', '否', '团员证还没盖章', 1, 1570700128, 1570700213),
(528, 168, '李军', '男', '13503589320', 2016, 386, '太原铁路机械学院', '否', '', 1, 1570760431, 1570760446),
(529, 163, '赵浩云', '男', '18335826431', 2015, 296, '衡水职业技术学院移动应用开发专业', '否', '', 2, 1571713959, 1571713959),
(530, 169, '王昭润', '男', '13834017288', 2016, 419, '山西大学商务学院', '否', '', 1, 1571793269, 1571793343),
(531, 2019, '李捷', '男', '17303440283', 2016, 456, '孝义市宏达高中教育培训中心', '否', '', 1, 1572227713, 1572228027);

-- --------------------------------------------------------

--
-- 表的结构 `tk_tuan_mes`
--

DROP TABLE IF EXISTS `tk_tuan_mes`;
CREATE TABLE IF NOT EXISTS `tk_tuan_mes` (
  `id` tinyint(4) NOT NULL,
  `tuanmes` text NOT NULL,
  `addmes` varchar(500) NOT NULL,
  `status` tinyint(2) NOT NULL,
  PRIMARY KEY (`id`)
) ENGINE=MyISAM DEFAULT CHARSET=utf8;

--
-- 转存表中的数据 `tk_tuan_mes`
--

INSERT INTO `tk_tuan_mes` (`id`, `tuanmes`, `addmes`, `status`) VALUES
(1, '2019年毕业生请持续关注本页面说明<p>1、登记：待接口开通后请点击本页的“登记预约”按钮进行登记填写，如需修改请点击“查询修改”。办理时将按照预约先后办理。</p><p>2、办理：来校时须携带本人录取通知书复印件与团员证(部分已上交)。如需补办团员证(带一张1寸照片，背景色不限)或加开丢失证明。</p><p>3、时间：8月6日开始，每周一、周三办理，上午9:01-11:30，下午4:00-6:00 </p><p>4、地点：校团委办公室(行政楼三层西302室)</p><p>5、联系方式：郝兴斌15534378771温俊乔13546258380刘戈15235831710</p><p>6、<a href=\"https://mp.weixin.qq.com/s?__biz=MzA4Mzk1MTg2MQ==&mid=2649212319&idx=1&sn=bf8d0359089c7fb7dc8df8c43fa6f1f8&chksm=87fdcc05b08a45133732173c769fb0d978fbc4bfba09bd1059ced42a38c9c6f530acfb66f012&token=1091356902&lang=zh_CN#rd\">2016级高三智慧团建团员组织关系转出到大学方法流程(点我查看)</a></p><p style=\"text-align: right;\">共青团孝义三中委员会<br>2019年6月10日</p>                                                                                                                                                                                                                                                            ', '登记时请填写详细的录取院校及专业，2014级的把班级填到备注栏。填写院校和专业时不要换行！！！', 1);
COMMIT;

/*!40101 SET CHARACTER_SET_CLIENT=@OLD_CHARACTER_SET_CLIENT */;
/*!40101 SET CHARACTER_SET_RESULTS=@OLD_CHARACTER_SET_RESULTS */;
/*!40101 SET COLLATION_CONNECTION=@OLD_COLLATION_CONNECTION */;
